file,line,column,type,code,message
includes/certificates/class-acme-client.php,59,81,ERROR,WordPress.Security.EscapeOutput.ExceptionNotEscaped,"All output should be run through an escaping function (see the Security sections in the WordPress Developer Handbooks), found '$this'."
includes/certificates/class-acme-client.php,97,69,ERROR,WordPress.Security.EscapeOutput.ExceptionNotEscaped,"All output should be run through an escaping function (see the Security sections in the WordPress Developer Handbooks), found '$this'."
includes/certificates/class-acme-client.php,113,69,ERROR,WordPress.Security.EscapeOutput.ExceptionNotEscaped,"All output should be run through an escaping function (see the Security sections in the WordPress Developer Handbooks), found '$url'."
includes/certificates/class-acme-client.php,113,83,ERROR,WordPress.Security.EscapeOutput.ExceptionNotEscaped,"All output should be run through an escaping function (see the Security sections in the WordPress Developer Handbooks), found '$this'."
includes/certificates/class-acme-client.php,126,79,ERROR,WordPress.Security.EscapeOutput.ExceptionNotEscaped,"All output should be run through an escaping function (see the Security sections in the WordPress Developer Handbooks), found '$this'."
includes/certificates/class-acme-client.php,142,69,ERROR,WordPress.Security.EscapeOutput.ExceptionNotEscaped,"All output should be run through an escaping function (see the Security sections in the WordPress Developer Handbooks), found '$this'."
includes/certificates/class-acme-client.php,155,81,ERROR,WordPress.Security.EscapeOutput.ExceptionNotEscaped,"All output should be run through an escaping function (see the Security sections in the WordPress Developer Handbooks), found '$this'."
includes/certificates/class-acme-client.php,205,81,ERROR,WordPress.Security.EscapeOutput.ExceptionNotEscaped,"All output should be run through an escaping function (see the Security sections in the WordPress Developer Handbooks), found '$response'."
includes/certificates/class-acme-client.php,227,83,ERROR,WordPress.Security.EscapeOutput.ExceptionNotEscaped,"All output should be run through an escaping function (see the Security sections in the WordPress Developer Handbooks), found '$response'."
includes/certificates/class-acme-client.php,233,42,ERROR,WordPress.Security.EscapeOutput.ExceptionNotEscaped,"All output should be run through an escaping function (see the Security sections in the WordPress Developer Handbooks), found '""ACME directory is missing '{$key}'.""'."
includes/certificates/class-acme-client.php,248,75,ERROR,WordPress.Security.EscapeOutput.ExceptionNotEscaped,"All output should be run through an escaping function (see the Security sections in the WordPress Developer Handbooks), found '$response'."
includes/certificates/class-certificate-manager.php,221,42,ERROR,WordPress.Security.EscapeOutput.ExceptionNotEscaped,"All output should be run through an escaping function (see the Security sections in the WordPress Developer Handbooks), found '""No usable challenge offered for {$domain}. Wildcards require a DNS provider (dns-01).""'."
includes/certificates/class-certificate-manager.php,230,93,ERROR,WordPress.Security.EscapeOutput.ExceptionNotEscaped,"All output should be run through an escaping function (see the Security sections in the WordPress Developer Handbooks), found '(string)'."
includes/certificates/class-certificate-manager.php,268,50,ERROR,WordPress.Security.EscapeOutput.ExceptionNotEscaped,"All output should be run through an escaping function (see the Security sections in the WordPress Developer Handbooks), found '$error'."
includes/certificates/class-certificate-manager.php,289,67,ERROR,WordPress.Security.EscapeOutput.ExceptionNotEscaped,"All output should be run through an escaping function (see the Security sections in the WordPress Developer Handbooks), found '$timeout_message'."
includes/certificates/class-dns-provider.php,185,42,ERROR,WordPress.Security.EscapeOutput.ExceptionNotEscaped,"All output should be run through an escaping function (see the Security sections in the WordPress Developer Handbooks), found 'static'."
includes/certificates/class-dns-provider.php,185,87,ERROR,WordPress.Security.EscapeOutput.ExceptionNotEscaped,"All output should be run through an escaping function (see the Security sections in the WordPress Developer Handbooks), found '$response'."
includes/certificates/class-dns-provider.php,193,17,ERROR,WordPress.Security.EscapeOutput.ExceptionNotEscaped,"All output should be run through an escaping function (see the Security sections in the WordPress Developer Handbooks), found 'static'."
includes/certificates/class-dns-provider.php,193,35,ERROR,WordPress.Security.EscapeOutput.ExceptionNotEscaped,"All output should be run through an escaping function (see the Security sections in the WordPress Developer Handbooks), found '"" API error (HTTP {$status}): ""'."
includes/certificates/class-dns-provider.php,193,69,ERROR,WordPress.Security.EscapeOutput.ExceptionNotEscaped,"All output should be run through an escaping function (see the Security sections in the WordPress Developer Handbooks), found 'substr'."
includes/certificates/class-dns-provider.php,228,42,ERROR,WordPress.Security.EscapeOutput.ExceptionNotEscaped,"All output should be run through an escaping function (see the Security sections in the WordPress Developer Handbooks), found 'static'."
includes/certificates/class-dns-provider.php,228,87,ERROR,WordPress.Security.EscapeOutput.ExceptionNotEscaped,"All output should be run through an escaping function (see the Security sections in the WordPress Developer Handbooks), found '$response'."
includes/certificates/class-dns-provider.php,234,17,ERROR,WordPress.Security.EscapeOutput.ExceptionNotEscaped,"All output should be run through an escaping function (see the Security sections in the WordPress Developer Handbooks), found 'static'."
includes/certificates/class-dns-provider.php,234,35,ERROR,WordPress.Security.EscapeOutput.ExceptionNotEscaped,"All output should be run through an escaping function (see the Security sections in the WordPress Developer Handbooks), found '"" API error (HTTP {$status}): ""'."
includes/certificates/class-dns-provider.php,234,69,ERROR,WordPress.Security.EscapeOutput.ExceptionNotEscaped,"All output should be run through an escaping function (see the Security sections in the WordPress Developer Handbooks), found 'substr'."
includes/certificates/providers/class-provider-acmedns.php,72,71,ERROR,WordPress.Security.EscapeOutput.ExceptionNotEscaped,"All output should be run through an escaping function (see the Security sections in the WordPress Developer Handbooks), found 'substr'."
includes/certificates/providers/class-provider-rfc2136.php,121,75,ERROR,WordPress.Security.EscapeOutput.ExceptionNotEscaped,"All output should be run through an escaping function (see the Security sections in the WordPress Developer Handbooks), found '$names[$rcode]'."
includes/certificates/providers/class-provider-rfc2136.php,183,42,ERROR,WordPress.Security.EscapeOutput.ExceptionNotEscaped,"All output should be run through an escaping function (see the Security sections in the WordPress Developer Handbooks), found '""RFC 2136: cannot reach {$server}:{$port} over TCP: {$errstr}""'."
includes/certificates/providers/class-provider-dnspod.php,53,76,ERROR,WordPress.Security.EscapeOutput.ExceptionNotEscaped,"All output should be run through an escaping function (see the Security sections in the WordPress Developer Handbooks), found '(string)'."
includes/certificates/providers/class-provider-dnspod.php,90,38,ERROR,WordPress.Security.EscapeOutput.ExceptionNotEscaped,"All output should be run through an escaping function (see the Security sections in the WordPress Developer Handbooks), found '""DNSPod: no domain found for {$fqdn}.""'."
includes/certificates/providers/class-provider-domeneshop.php,80,38,ERROR,WordPress.Security.EscapeOutput.ExceptionNotEscaped,"All output should be run through an escaping function (see the Security sections in the WordPress Developer Handbooks), found '""Domeneshop: no domain found for {$fqdn}.""'."
includes/certificates/providers/class-provider-digitalocean.php,71,38,ERROR,WordPress.Security.EscapeOutput.ExceptionNotEscaped,"All output should be run through an escaping function (see the Security sections in the WordPress Developer Handbooks), found '""DigitalOcean: no zone found for {$fqdn}.""'."
includes/certificates/providers/class-provider-hetzner.php,77,38,ERROR,WordPress.Security.EscapeOutput.ExceptionNotEscaped,"All output should be run through an escaping function (see the Security sections in the WordPress Developer Handbooks), found '""Hetzner: no zone found for {$fqdn}.""'."
includes/certificates/providers/class-provider-google-cloud.php,93,38,ERROR,WordPress.Security.EscapeOutput.ExceptionNotEscaped,"All output should be run through an escaping function (see the Security sections in the WordPress Developer Handbooks), found '""Google Cloud DNS: no managed zone found for {$fqdn}.""'."
includes/certificates/providers/class-provider-google-cloud.php,146,81,ERROR,WordPress.Security.EscapeOutput.ExceptionNotEscaped,"All output should be run through an escaping function (see the Security sections in the WordPress Developer Handbooks), found '$response'."
includes/certificates/providers/class-provider-google-cloud.php,151,80,ERROR,WordPress.Security.EscapeOutput.ExceptionNotEscaped,"All output should be run through an escaping function (see the Security sections in the WordPress Developer Handbooks), found 'substr'."
includes/certificates/providers/class-provider-netlify.php,76,38,ERROR,WordPress.Security.EscapeOutput.ExceptionNotEscaped,"All output should be run through an escaping function (see the Security sections in the WordPress Developer Handbooks), found '""Netlify DNS: no zone found for {$fqdn}.""'."
includes/certificates/providers/class-provider-dreamhost.php,63,42,ERROR,WordPress.Security.EscapeOutput.ExceptionNotEscaped,"All output should be run through an escaping function (see the Security sections in the WordPress Developer Handbooks), found '""DreamHost {$cmd} failed: {$reason}""'."
includes/certificates/providers/class-provider-route53.php,21,26,ERROR,PluginCheck.CodeAnalysis.Offloading.OffloadedContent,"Offloading images, js, css, and other scripts to your servers or any remote service is disallowed."
includes/certificates/providers/class-provider-route53.php,53,6,ERROR,PluginCheck.CodeAnalysis.Offloading.OffloadedContent,"Offloading images, js, css, and other scripts to your servers or any remote service is disallowed."
includes/certificates/providers/class-provider-route53.php,74,38,ERROR,WordPress.Security.EscapeOutput.ExceptionNotEscaped,"All output should be run through an escaping function (see the Security sections in the WordPress Developer Handbooks), found '""Route 53: no hosted zone found for {$fqdn}.""'."
includes/certificates/providers/class-provider-joker.php,74,77,ERROR,WordPress.Security.EscapeOutput.ExceptionNotEscaped,"All output should be run through an escaping function (see the Security sections in the WordPress Developer Handbooks), found 'substr'."
includes/certificates/providers/class-provider-powerdns.php,93,38,ERROR,WordPress.Security.EscapeOutput.ExceptionNotEscaped,"All output should be run through an escaping function (see the Security sections in the WordPress Developer Handbooks), found '""PowerDNS: no zone found for {$fqdn}.""'."
includes/certificates/providers/class-provider-scaleway.php,92,38,ERROR,WordPress.Security.EscapeOutput.ExceptionNotEscaped,"All output should be run through an escaping function (see the Security sections in the WordPress Developer Handbooks), found '""Scaleway: no DNS zone found for {$fqdn}.""'."
includes/certificates/providers/class-provider-netcup.php,101,38,ERROR,WordPress.Security.EscapeOutput.ExceptionNotEscaped,"All output should be run through an escaping function (see the Security sections in the WordPress Developer Handbooks), found '""netcup: no DNS zone found for {$fqdn}.""'."
includes/certificates/providers/class-provider-netcup.php,145,42,ERROR,WordPress.Security.EscapeOutput.ExceptionNotEscaped,"All output should be run through an escaping function (see the Security sections in the WordPress Developer Handbooks), found '""netcup {$action} failed: ""'."
includes/certificates/providers/class-provider-netcup.php,145,72,ERROR,WordPress.Security.EscapeOutput.ExceptionNotEscaped,"All output should be run through an escaping function (see the Security sections in the WordPress Developer Handbooks), found '(string)'."
includes/certificates/providers/class-provider-cloudflare.php,75,38,ERROR,WordPress.Security.EscapeOutput.ExceptionNotEscaped,"All output should be run through an escaping function (see the Security sections in the WordPress Developer Handbooks), found '""Cloudflare: no zone found for {$fqdn}. Check the token's zone scope.""'."
includes/certificates/providers/class-provider-inwx.php,81,38,ERROR,WordPress.Security.EscapeOutput.ExceptionNotEscaped,"All output should be run through an escaping function (see the Security sections in the WordPress Developer Handbooks), found '""INWX: no zone found for {$fqdn}.""'."
includes/certificates/providers/class-provider-inwx.php,108,69,ERROR,WordPress.Security.EscapeOutput.ExceptionNotEscaped,"All output should be run through an escaping function (see the Security sections in the WordPress Developer Handbooks), found '$response'."
includes/certificates/providers/class-provider-inwx.php,122,42,ERROR,WordPress.Security.EscapeOutput.ExceptionNotEscaped,"All output should be run through an escaping function (see the Security sections in the WordPress Developer Handbooks), found '""INWX {$method} failed (code {$code}): ""'."
includes/certificates/providers/class-provider-inwx.php,122,85,ERROR,WordPress.Security.EscapeOutput.ExceptionNotEscaped,"All output should be run through an escaping function (see the Security sections in the WordPress Developer Handbooks), found '(string)'."
includes/certificates/providers/class-provider-vercel.php,75,38,ERROR,WordPress.Security.EscapeOutput.ExceptionNotEscaped,"All output should be run through an escaping function (see the Security sections in the WordPress Developer Handbooks), found '""Vercel: no domain found for {$fqdn}.""'."
includes/certificates/providers/class-provider-linode.php,77,38,ERROR,WordPress.Security.EscapeOutput.ExceptionNotEscaped,"All output should be run through an escaping function (see the Security sections in the WordPress Developer Handbooks), found '""Linode: no domain found for {$fqdn}.""'."
includes/certificates/providers/class-provider-ovh.php,90,38,ERROR,WordPress.Security.EscapeOutput.ExceptionNotEscaped,"All output should be run through an escaping function (see the Security sections in the WordPress Developer Handbooks), found '""OVH: no zone found for {$fqdn}.""'."
includes/certificates/providers/class-provider-alidns.php,75,42,ERROR,WordPress.Security.EscapeOutput.ExceptionNotEscaped,"All output should be run through an escaping function (see the Security sections in the WordPress Developer Handbooks), found '""Alibaba Cloud DNS: unable to resolve the zone for {$fqdn}.""'."
includes/certificates/providers/class-provider-dynu.php,69,42,ERROR,WordPress.Security.EscapeOutput.ExceptionNotEscaped,"All output should be run through an escaping function (see the Security sections in the WordPress Developer Handbooks), found '""Dynu: no root domain found for {$fqdn}.""'."
includes/certificates/providers/class-provider-njalla.php,75,38,ERROR,WordPress.Security.EscapeOutput.ExceptionNotEscaped,"All output should be run through an escaping function (see the Security sections in the WordPress Developer Handbooks), found '""Njalla: no domain found for {$fqdn}.""'."
includes/certificates/providers/class-provider-njalla.php,98,42,ERROR,WordPress.Security.EscapeOutput.ExceptionNotEscaped,"All output should be run through an escaping function (see the Security sections in the WordPress Developer Handbooks), found '""Njalla {$method} failed: ""'."
includes/certificates/providers/class-provider-njalla.php,98,72,ERROR,WordPress.Security.EscapeOutput.ExceptionNotEscaped,"All output should be run through an escaping function (see the Security sections in the WordPress Developer Handbooks), found '(string)'."
includes/certificates/providers/class-provider-ns1.php,67,38,ERROR,WordPress.Security.EscapeOutput.ExceptionNotEscaped,"All output should be run through an escaping function (see the Security sections in the WordPress Developer Handbooks), found '""NS1: no zone found for {$fqdn}.""'."
includes/certificates/providers/class-provider-dnsimple.php,88,38,ERROR,WordPress.Security.EscapeOutput.ExceptionNotEscaped,"All output should be run through an escaping function (see the Security sections in the WordPress Developer Handbooks), found '""DNSimple: no zone found for {$fqdn}.""'."
includes/certificates/providers/class-provider-namecheap.php,96,128,ERROR,WordPress.Security.EscapeOutput.ExceptionNotEscaped,"All output should be run through an escaping function (see the Security sections in the WordPress Developer Handbooks), found '$this'."
includes/certificates/providers/class-provider-namecheap.php,134,74,ERROR,WordPress.Security.EscapeOutput.ExceptionNotEscaped,"All output should be run through an escaping function (see the Security sections in the WordPress Developer Handbooks), found '$this'."
includes/certificates/providers/class-provider-namecheap.php,159,38,ERROR,WordPress.Security.EscapeOutput.ExceptionNotEscaped,"All output should be run through an escaping function (see the Security sections in the WordPress Developer Handbooks), found '""Namecheap: no manageable domain found for {$fqdn}.""'."
includes/certificates/providers/class-provider-azure.php,102,38,ERROR,WordPress.Security.EscapeOutput.ExceptionNotEscaped,"All output should be run through an escaping function (see the Security sections in the WordPress Developer Handbooks), found '""Azure DNS: no zone found for {$fqdn} in the configured resource group.""'."
includes/certificates/providers/class-provider-azure.php,120,80,ERROR,WordPress.Security.EscapeOutput.ExceptionNotEscaped,"All output should be run through an escaping function (see the Security sections in the WordPress Developer Handbooks), found '$response'."
includes/certificates/providers/class-provider-azure.php,125,79,ERROR,WordPress.Security.EscapeOutput.ExceptionNotEscaped,"All output should be run through an escaping function (see the Security sections in the WordPress Developer Handbooks), found 'substr'."
includes/certificates/providers/class-provider-godaddy.php,78,38,ERROR,WordPress.Security.EscapeOutput.ExceptionNotEscaped,"All output should be run through an escaping function (see the Security sections in the WordPress Developer Handbooks), found '""GoDaddy: no domain found for {$fqdn}.""'."
includes/certificates/providers/class-provider-glesys.php,74,38,ERROR,WordPress.Security.EscapeOutput.ExceptionNotEscaped,"All output should be run through an escaping function (see the Security sections in the WordPress Developer Handbooks), found '""GleSYS: no domain found for {$fqdn}.""'."
includes/certificates/providers/class-provider-cloudns.php,52,74,ERROR,WordPress.Security.EscapeOutput.ExceptionNotEscaped,"All output should be run through an escaping function (see the Security sections in the WordPress Developer Handbooks), found 'substr'."
includes/certificates/providers/class-provider-cloudns.php,92,38,ERROR,WordPress.Security.EscapeOutput.ExceptionNotEscaped,"All output should be run through an escaping function (see the Security sections in the WordPress Developer Handbooks), found '""ClouDNS: no zone found for {$fqdn}.""'."
includes/certificates/providers/class-provider-desec.php,71,38,ERROR,WordPress.Security.EscapeOutput.ExceptionNotEscaped,"All output should be run through an escaping function (see the Security sections in the WordPress Developer Handbooks), found '""deSEC: no domain found for {$fqdn}.""'."
includes/certificates/providers/class-provider-bunny.php,78,38,ERROR,WordPress.Security.EscapeOutput.ExceptionNotEscaped,"All output should be run through an escaping function (see the Security sections in the WordPress Developer Handbooks), found '""Bunny.net: no DNS zone found for {$fqdn}.""'."
includes/certificates/providers/class-provider-easydns.php,74,38,ERROR,WordPress.Security.EscapeOutput.ExceptionNotEscaped,"All output should be run through an escaping function (see the Security sections in the WordPress Developer Handbooks), found '""easyDNS: no zone found for {$fqdn}.""'."
includes/certificates/providers/class-provider-porkbun.php,77,38,ERROR,WordPress.Security.EscapeOutput.ExceptionNotEscaped,"All output should be run through an escaping function (see the Security sections in the WordPress Developer Handbooks), found '""Porkbun: no zone found for {$fqdn}.""'."
includes/certificates/providers/class-provider-akamai.php,75,38,ERROR,WordPress.Security.EscapeOutput.ExceptionNotEscaped,"All output should be run through an escaping function (see the Security sections in the WordPress Developer Handbooks), found '""Akamai Edge DNS: no zone found for {$fqdn}.""'."
includes/certificates/providers/class-provider-mythicbeasts.php,81,38,ERROR,WordPress.Security.EscapeOutput.ExceptionNotEscaped,"All output should be run through an escaping function (see the Security sections in the WordPress Developer Handbooks), found '""Mythic Beasts: no zone found for {$fqdn}.""'."
includes/certificates/providers/class-provider-mythicbeasts.php,95,87,ERROR,WordPress.Security.EscapeOutput.ExceptionNotEscaped,"All output should be run through an escaping function (see the Security sections in the WordPress Developer Handbooks), found '$response'."
includes/certificates/providers/class-provider-gandi.php,71,38,ERROR,WordPress.Security.EscapeOutput.ExceptionNotEscaped,"All output should be run through an escaping function (see the Security sections in the WordPress Developer Handbooks), found '""Gandi: no LiveDNS zone found for {$fqdn}.""'."
includes/certificates/providers/class-provider-namecom.php,74,38,ERROR,WordPress.Security.EscapeOutput.ExceptionNotEscaped,"All output should be run through an escaping function (see the Security sections in the WordPress Developer Handbooks), found '""Name.com: no domain found for {$fqdn}.""'."
includes/certificates/providers/class-provider-dnsmadeeasy.php,86,38,ERROR,WordPress.Security.EscapeOutput.ExceptionNotEscaped,"All output should be run through an escaping function (see the Security sections in the WordPress Developer Handbooks), found '""DNS Made Easy: no managed domain found for {$fqdn}.""'."
includes/certificates/providers/class-provider-namesilo.php,79,38,ERROR,WordPress.Security.EscapeOutput.ExceptionNotEscaped,"All output should be run through an escaping function (see the Security sections in the WordPress Developer Handbooks), found '""NameSilo: no domain found for {$fqdn}.""'."
includes/certificates/providers/class-provider-namesilo.php,100,42,ERROR,WordPress.Security.EscapeOutput.ExceptionNotEscaped,"All output should be run through an escaping function (see the Security sections in the WordPress Developer Handbooks), found '""NameSilo {$operation} failed: ""'."
includes/certificates/providers/class-provider-namesilo.php,100,79,ERROR,WordPress.Security.EscapeOutput.ExceptionNotEscaped,"All output should be run through an escaping function (see the Security sections in the WordPress Developer Handbooks), found '$detail[1]'."
includes/certificates/providers/class-provider-vultr.php,70,38,ERROR,WordPress.Security.EscapeOutput.ExceptionNotEscaped,"All output should be run through an escaping function (see the Security sections in the WordPress Developer Handbooks), found '""Vultr: no domain found for {$fqdn}.""'."
includes/certificates/providers/class-provider-ionos.php,83,38,ERROR,WordPress.Security.EscapeOutput.ExceptionNotEscaped,"All output should be run through an escaping function (see the Security sections in the WordPress Developer Handbooks), found '""IONOS: no zone found for {$fqdn}.""'."
includes/certificates/class-acme-crypto.php,61,72,ERROR,WordPress.Security.EscapeOutput.ExceptionNotEscaped,"All output should be run through an escaping function (see the Security sections in the WordPress Developer Handbooks), found '(string)'."
includes/certificates/class-acme-crypto.php,67,75,ERROR,WordPress.Security.EscapeOutput.ExceptionNotEscaped,"All output should be run through an escaping function (see the Security sections in the WordPress Developer Handbooks), found '(string)'."
includes/certificates/class-acme-crypto.php,221,68,ERROR,WordPress.Security.EscapeOutput.ExceptionNotEscaped,"All output should be run through an escaping function (see the Security sections in the WordPress Developer Handbooks), found '(string)'."
includes/certificates/class-deployer.php,101,83,ERROR,WordPress.Security.EscapeOutput.ExceptionNotEscaped,"All output should be run through an escaping function (see the Security sections in the WordPress Developer Handbooks), found '$response'."
includes/certificates/class-deployer.php,107,74,ERROR,WordPress.Security.EscapeOutput.ExceptionNotEscaped,"All output should be run through an escaping function (see the Security sections in the WordPress Developer Handbooks), found '$errors'."
includes/certificates/class-deployer.php,121,42,ERROR,WordPress.Security.EscapeOutput.ExceptionNotEscaped,"All output should be run through an escaping function (see the Security sections in the WordPress Developer Handbooks), found '""Export path {$dir} does not exist and could not be created.""'."
includes/certificates/class-deployer.php,130,117,ERROR,WordPress.Security.EscapeOutput.ExceptionNotEscaped,"All output should be run through an escaping function (see the Security sections in the WordPress Developer Handbooks), found '$webroot'."
includes/certificates/class-deployer.php,135,42,ERROR,WordPress.Security.EscapeOutput.ExceptionNotEscaped,"All output should be run through an escaping function (see the Security sections in the WordPress Developer Handbooks), found '""Unable to write privkey.pem to {$dir}.""'."
includes/certificates/class-deployer.php,139,42,ERROR,WordPress.Security.EscapeOutput.ExceptionNotEscaped,"All output should be run through an escaping function (see the Security sections in the WordPress Developer Handbooks), found '""Unable to write fullchain.pem to {$dir}.""'."
includes/admin/views/page-scripts.php,24,1,WARNING,WordPress.NamingConventions.PrefixAllGlobals.NonPrefixedVariableFound,Global variables defined by a theme/plugin should start with the theme/plugin prefix. Found: &quot;$surfaces&quot;.
includes/admin/views/page-scripts.php,26,1,WARNING,WordPress.NamingConventions.PrefixAllGlobals.NonPrefixedVariableFound,Global variables defined by a theme/plugin should start with the theme/plugin prefix. Found: &quot;$tab_help&quot;.
includes/admin/views/page-scripts.php,41,15,WARNING,WordPress.Security.NonceVerification.Recommended,Processing form data without nonce verification.
includes/admin/views/page-scripts.php,41,65,WARNING,WordPress.Security.NonceVerification.Recommended,Processing form data without nonce verification.
includes/admin/views/page-scripts.php,46,1,WARNING,WordPress.NamingConventions.PrefixAllGlobals.NonPrefixedVariableFound,Global variables defined by a theme/plugin should start with the theme/plugin prefix. Found: &quot;$base_url&quot;.
includes/admin/views/page-scripts.php,53,38,WARNING,WordPress.NamingConventions.PrefixAllGlobals.NonPrefixedVariableFound,Global variables defined by a theme/plugin should start with the theme/plugin prefix. Found: &quot;$tab_key&quot;.
includes/admin/views/page-scripts.php,53,50,WARNING,WordPress.NamingConventions.PrefixAllGlobals.NonPrefixedVariableFound,Global variables defined by a theme/plugin should start with the theme/plugin prefix. Found: &quot;$tab_data&quot;.
includes/admin/views/page-scripts.php,76,27,ERROR,WordPress.WP.EnqueuedResources.NonEnqueuedStylesheet,Stylesheets must be registered/enqueued via wp_enqueue_style()
includes/csp/class-policy-builder.php,0,0,ERROR,missing_direct_file_access_protection,PHP file should prevent direct access. Add a check like: if ( ! defined( 'ABSPATH' ) ) exit;
includes/csp/class-policy-builder.php,671,17,WARNING,PluginCheck.Security.DirectDB.UnescapedDBParameter,Unescaped parameter $table used in $wpdb-&gt;get_row()\n$table assigned unsafely at line 669.
includes/csp/class-policy-builder.php,701,17,WARNING,WordPress.DB.DirectDatabaseQuery.DirectQuery,Use of a direct database call is discouraged.
includes/csp/class-policy-builder.php,701,17,WARNING,WordPress.DB.DirectDatabaseQuery.NoCaching,Direct database call without caching detected. Consider using wp_cache_get() / wp_cache_set() or wp_cache_delete().
includes/csp/class-policy-builder.php,701,18,WARNING,PluginCheck.Security.DirectDB.UnescapedDBParameter,Unescaped parameter $table used in $wpdb-&gt;get_results()\n$table assigned unsafely at line 680.
includes/csp/class-policy-builder.php,718,18,WARNING,WordPress.DB.DirectDatabaseQuery.DirectQuery,Use of a direct database call is discouraged.
includes/csp/class-policy-builder.php,718,18,WARNING,WordPress.DB.DirectDatabaseQuery.NoCaching,Direct database call without caching detected. Consider using wp_cache_get() / wp_cache_set() or wp_cache_delete().
includes/csp/class-policy-builder.php,718,19,WARNING,PluginCheck.Security.DirectDB.UnescapedDBParameter,Unescaped parameter $table used in $wpdb-&gt;get_results()\n$table assigned unsafely at line 717.
includes/class-plugin.php,104,3,WARNING,PluginCheck.CodeAnalysis.DiscouragedFunctions.load_plugin_textdomainFound,"load_plugin_textdomain() has been discouraged since WordPress version 4.6. When your plugin is hosted on WordPress.org, you no longer need to manually include this function call for translations under your plugin slug. WordPress will automatically load the translations for you as needed."
includes/class-activator.php,88,18,WARNING,PluginCheck.Security.DirectDB.UnescapedDBParameter,Unescaped parameter $table used in $wpdb-&gt;get_results()\n$table assigned unsafely at line 85.
includes/class-activator.php,88,31,WARNING,WordPress.DB.PreparedSQL.InterpolatedNotPrepared,"Use placeholders and $wpdb-&gt;prepare(); found interpolated variable {$table} at &quot;SELECT id, directives FROM {$table}&quot;"
includes/class-activator.php,96,13,WARNING,WordPress.DB.DirectDatabaseQuery.DirectQuery,Use of a direct database call is discouraged.
includes/class-activator.php,96,13,WARNING,WordPress.DB.DirectDatabaseQuery.NoCaching,Direct database call without caching detected. Consider using wp_cache_get() / wp_cache_set() or wp_cache_delete().
includes/class-activator.php,126,18,WARNING,PluginCheck.Security.DirectDB.UnescapedDBParameter,Unescaped parameter $table used in $wpdb-&gt;get_results()
includes/class-activator.php,126,31,WARNING,WordPress.DB.PreparedSQL.InterpolatedNotPrepared,"Use placeholders and $wpdb-&gt;prepare(); found interpolated variable {$table} at &quot;SELECT id, directives FROM {$table}&quot;"
includes/class-activator.php,137,13,WARNING,WordPress.DB.DirectDatabaseQuery.DirectQuery,Use of a direct database call is discouraged.
includes/class-activator.php,137,13,WARNING,WordPress.DB.DirectDatabaseQuery.NoCaching,Direct database call without caching detected. Consider using wp_cache_get() / wp_cache_set() or wp_cache_delete().
includes/class-activator.php,168,18,WARNING,PluginCheck.Security.DirectDB.UnescapedDBParameter,Unescaped parameter $table used in $wpdb-&gt;get_results()
includes/class-activator.php,168,31,WARNING,WordPress.DB.PreparedSQL.InterpolatedNotPrepared,"Use placeholders and $wpdb-&gt;prepare(); found interpolated variable {$table} at &quot;SELECT id, directives FROM {$table}&quot;"
includes/class-activator.php,179,13,WARNING,WordPress.DB.DirectDatabaseQuery.DirectQuery,Use of a direct database call is discouraged.
includes/class-activator.php,179,13,WARNING,WordPress.DB.DirectDatabaseQuery.NoCaching,Direct database call without caching detected. Consider using wp_cache_get() / wp_cache_set() or wp_cache_delete().
includes/class-activator.php,209,18,WARNING,PluginCheck.Security.DirectDB.UnescapedDBParameter,Unescaped parameter $table used in $wpdb-&gt;get_results()\n$table assigned unsafely at line 206.
includes/class-activator.php,210,4,WARNING,WordPress.DB.PreparedSQL.InterpolatedNotPrepared,"Use placeholders and $wpdb-&gt;prepare(); found interpolated variable {$table} at &quot;SELECT id, bypass_img_src_data, bypass_font_src_data, bypass_style_attr_unsafe_hashes, bypass_flags FROM {$table}&quot;"
includes/class-activator.php,232,13,WARNING,WordPress.DB.DirectDatabaseQuery.DirectQuery,Use of a direct database call is discouraged.
includes/class-activator.php,232,13,WARNING,WordPress.DB.DirectDatabaseQuery.NoCaching,Direct database call without caching detected. Consider using wp_cache_get() / wp_cache_set() or wp_cache_delete().
includes/class-activator.php,839,11,WARNING,PluginCheck.Security.DirectDB.UnescapedDBParameter,Unescaped parameter $old_table used in $wpdb-&gt;query()\n$old_table assigned unsafely at line 834.
includes/class-activator.php,863,18,WARNING,PluginCheck.Security.DirectDB.UnescapedDBParameter,Unescaped parameter $table used in $wpdb-&gt;get_results()\n$table assigned unsafely at line 856.
includes/class-activator.php,864,4,WARNING,WordPress.DB.PreparedSQL.InterpolatedNotPrepared,"Use placeholders and $wpdb-&gt;prepare(); found interpolated variable {$table} at &quot;SELECT id, profile_surface, blocked_uri, violated_directive, occurrence_count, first_reported_at, last_reported_at FROM {$table}&quot;"
includes/class-activator.php,890,17,WARNING,WordPress.DB.DirectDatabaseQuery.DirectQuery,Use of a direct database call is discouraged.
includes/class-activator.php,890,17,WARNING,WordPress.DB.DirectDatabaseQuery.NoCaching,Direct database call without caching detected. Consider using wp_cache_get() / wp_cache_set() or wp_cache_delete().
includes/class-activator.php,914,13,WARNING,WordPress.DB.DirectDatabaseQuery.DirectQuery,Use of a direct database call is discouraged.
includes/class-activator.php,914,13,WARNING,WordPress.DB.DirectDatabaseQuery.NoCaching,Direct database call without caching detected. Consider using wp_cache_get() / wp_cache_set() or wp_cache_delete().
includes/class-activator.php,932,11,WARNING,PluginCheck.Security.DirectDB.UnescapedDBParameter,Unescaped parameter $table used in $wpdb-&gt;query()\n$table assigned unsafely at line 856.
includes/class-activator.php,955,10,WARNING,PluginCheck.Security.DirectDB.UnescapedDBParameter,Unescaped parameter $table used in $wpdb-&gt;query()\n$table assigned unsafely at line 945.
includes/class-activator.php,957,10,WARNING,PluginCheck.Security.DirectDB.UnescapedDBParameter,Unescaped parameter $table used in $wpdb-&gt;query()\n$table assigned unsafely at line 945.
includes/class-activator.php,962,24,WARNING,PluginCheck.Security.DirectDB.UnescapedDBParameter,Unescaped parameter $table used in $wpdb-&gt;get_results()\n$table assigned unsafely at line 945.
includes/class-activator.php,964,1,WARNING,WordPress.DB.PreparedSQL.InterpolatedNotPrepared,Use placeholders and $wpdb-&gt;prepare(); found interpolated variable {$table} at \t\t\t FROM {$table}\n
includes/class-activator.php,973,11,WARNING,PluginCheck.Security.DirectDB.UnescapedDBParameter,Unescaped parameter $table used in $wpdb-&gt;query()\n$table assigned unsafely at line 945.
includes/class-activator.php,988,11,WARNING,PluginCheck.Security.DirectDB.UnescapedDBParameter,Unescaped parameter $table used in $wpdb-&gt;query()\n$table assigned unsafely at line 945.
includes/class-activator.php,1000,19,WARNING,PluginCheck.Security.DirectDB.UnescapedDBParameter,Unescaped parameter $table used in $wpdb-&gt;get_row()\n$table assigned unsafely at line 945.
includes/class-activator.php,1003,11,WARNING,PluginCheck.Security.DirectDB.UnescapedDBParameter,Unescaped parameter $table used in $wpdb-&gt;query()\n$table assigned unsafely at line 945.
includes/class-activator.php,1003,27,WARNING,WordPress.DB.DirectDatabaseQuery.SchemaChange,Attempting a database schema change is discouraged.
includes/class-activator.php,1005,11,WARNING,PluginCheck.Security.DirectDB.UnescapedDBParameter,Unescaped parameter $table used in $wpdb-&gt;query()\n$table assigned unsafely at line 945.
includes/class-activator.php,1005,27,WARNING,WordPress.DB.DirectDatabaseQuery.SchemaChange,Attempting a database schema change is discouraged.
includes/class-activator.php,1097,21,WARNING,PluginCheck.Security.DirectDB.UnescapedDBParameter,Unescaped parameter $table used in $wpdb-&gt;get_var()
includes/class-activator.php,1099,17,WARNING,WordPress.DB.DirectDatabaseQuery.DirectQuery,Use of a direct database call is discouraged.
includes/class-activator.php,1185,22,WARNING,PluginCheck.Security.DirectDB.UnescapedDBParameter,Unescaped parameter $table used in $wpdb-&gt;get_var()
includes/class-activator.php,1221,21,WARNING,PluginCheck.Security.DirectDB.UnescapedDBParameter,Unescaped parameter $table used in $wpdb-&gt;get_var()\n$table assigned unsafely at line 1213.
includes/class-activator.php,1221,23,WARNING,WordPress.DB.DirectDatabaseQuery.DirectQuery,Use of a direct database call is discouraged.
includes/class-activator.php,1221,23,WARNING,WordPress.DB.DirectDatabaseQuery.NoCaching,Direct database call without caching detected. Consider using wp_cache_get() / wp_cache_set() or wp_cache_delete().
includes/security/class-content-rewriter.php,205,13,WARNING,WordPress.Security.ValidatedSanitizedInput.MissingUnslash,$_SERVER[&#039;REQUEST_METHOD&#039;] not unslashed before sanitization. Use wp_unslash() or similar
includes/security/class-content-rewriter.php,205,13,WARNING,WordPress.Security.ValidatedSanitizedInput.InputNotSanitized,Detected usage of a non-sanitized input variable: $_SERVER[&#039;REQUEST_METHOD&#039;]
includes/security/class-request-surface.php,44,63,WARNING,WordPress.Security.ValidatedSanitizedInput.MissingUnslash,$_SERVER[$server_key] not unslashed before sanitization. Use wp_unslash() or similar
includes/security/class-request-surface.php,44,63,WARNING,WordPress.Security.ValidatedSanitizedInput.InputNotSanitized,Detected usage of a non-sanitized input variable: $_SERVER[$server_key]
includes/security/class-request-surface.php,73,66,WARNING,WordPress.Security.ValidatedSanitizedInput.InputNotSanitized,Detected usage of a non-sanitized input variable: $_SERVER[&#039;REQUEST_URI&#039;]
includes/csp/class-violation-reporter.php,286,87,WARNING,WordPress.Security.ValidatedSanitizedInput.InputNotSanitized,Detected usage of a non-sanitized input variable: $_SERVER[&#039;HTTP_USER_AGENT&#039;]
includes/csp/class-violation-reporter.php,291,9,WARNING,WordPress.DB.DirectDatabaseQuery.NoCaching,Direct database call without caching detected. Consider using wp_cache_get() / wp_cache_set() or wp_cache_delete().
includes/csp/class-violation-reporter.php,291,10,WARNING,PluginCheck.Security.DirectDB.UnescapedDBParameter,Unescaped parameter $table used in $wpdb-&gt;query()\n$table assigned unsafely at line 225.
includes/csp/class-violation-reporter.php,406,17,WARNING,WordPress.DB.DirectDatabaseQuery.NoCaching,Direct database call without caching detected. Consider using wp_cache_get() / wp_cache_set() or wp_cache_delete().
includes/csp/class-violation-reporter.php,474,16,WARNING,PluginCheck.Security.DirectDB.UnescapedDBParameter,Unescaped parameter $table used in $wpdb-&gt;get_var()\n$table assigned unsafely at line 472.
includes/csp/class-violation-reporter.php,476,5,WARNING,WordPress.DB.PreparedSQL.InterpolatedNotPrepared,Use placeholders and $wpdb-&gt;prepare(); found interpolated variable {$table} at &quot;SELECT id FROM {$table} WHERE surface = %s AND directive = %s AND source_host = %s LIMIT 1&quot;
includes/csp/class-violation-reporter.php,597,41,WARNING,WordPress.Security.ValidatedSanitizedInput.InputNotSanitized,Detected usage of a non-sanitized input variable: $_SERVER[$server_key]
includes/certificates/class-challenge-http.php,53,74,WARNING,WordPress.Security.ValidatedSanitizedInput.InputNotSanitized,Detected usage of a non-sanitized input variable: $_SERVER[&#039;REQUEST_URI&#039;]
includes/admin/class-admin-ui.php,628,40,WARNING,WordPress.Security.ValidatedSanitizedInput.InputNotSanitized,Detected usage of a non-sanitized input variable: $_POST[&#039;wp_sam_current_password&#039;]
includes/admin/class-admin-ui.php,659,26,WARNING,WordPress.Security.ValidatedSanitizedInput.MissingUnslash,$_POST[&#039;wp_sam_snapshot_id&#039;] not unslashed before sanitization. Use wp_unslash() or similar
includes/admin/class-admin-ui.php,659,26,WARNING,WordPress.Security.ValidatedSanitizedInput.InputNotSanitized,Detected usage of a non-sanitized input variable: $_POST[&#039;wp_sam_snapshot_id&#039;]
includes/admin/class-admin-ui.php,714,82,WARNING,WordPress.Security.ValidatedSanitizedInput.InputNotSanitized,Detected usage of a non-sanitized input variable: $_FILES[&#039;wp_sam_import_file&#039;][&#039;tmp_name&#039;]
includes/admin/class-admin-ui.php,719,34,WARNING,WordPress.Security.ValidatedSanitizedInput.InputNotSanitized,Detected usage of a non-sanitized input variable: $_FILES[&#039;wp_sam_import_file&#039;][&#039;tmp_name&#039;]
includes/admin/class-admin-ui.php,811,58,WARNING,WordPress.Security.ValidatedSanitizedInput.InputNotSanitized,Detected usage of a non-sanitized input variable: $_POST[&#039;wp_sam_cert_cpanel_token&#039;]
includes/admin/class-admin-ui.php,812,28,WARNING,WordPress.Security.ValidatedSanitizedInput.InputNotSanitized,Detected usage of a non-sanitized input variable: $_POST[&#039;wp_sam_cert_cpanel_token&#039;]
includes/admin/class-admin-ui.php,816,42,WARNING,WordPress.Security.ValidatedSanitizedInput.InputNotSanitized,Detected usage of a non-sanitized input variable: $_POST[&#039;wp_sam_cert_domains&#039;]
includes/admin/class-admin-ui.php,842,40,WARNING,WordPress.Security.ValidatedSanitizedInput.InputNotSanitized,Detected usage of a non-sanitized input variable: $_POST[&#039;wp_sam_cert_cred_&#039; . $field_key]
includes/admin/class-admin-ui.php,859,45,WARNING,WordPress.Security.ValidatedSanitizedInput.InputNotSanitized,Detected usage of a non-sanitized input variable: $_POST[&#039;wp_sam_cert_custom_key&#039;]
includes/admin/class-admin-ui.php,888,48,WARNING,WordPress.Security.ValidatedSanitizedInput.MissingUnslash,$_POST[&#039;wp_sam_cert_key_type&#039;] not unslashed before sanitization. Use wp_unslash() or similar
includes/admin/class-admin-ui.php,888,48,WARNING,WordPress.Security.ValidatedSanitizedInput.InputNotSanitized,Detected usage of a non-sanitized input variable: $_POST[&#039;wp_sam_cert_key_type&#039;]
includes/admin/class-admin-ui.php,1084,18,WARNING,PluginCheck.Security.DirectDB.UnescapedDBParameter,Unescaped parameter $table used in $wpdb-&gt;get_var()\n$table assigned unsafely at line 1082.
includes/admin/class-admin-ui.php,1136,33,WARNING,WordPress.Security.ValidatedSanitizedInput.MissingUnslash,$_POST[&#039;source_id&#039;] not unslashed before sanitization. Use wp_unslash() or similar
includes/admin/class-admin-ui.php,1136,33,WARNING,WordPress.Security.ValidatedSanitizedInput.InputNotSanitized,Detected usage of a non-sanitized input variable: $_POST[&#039;source_id&#039;]
includes/admin/class-admin-ui.php,1144,33,WARNING,WordPress.Security.ValidatedSanitizedInput.MissingUnslash,$_POST[&#039;source_id&#039;] not unslashed before sanitization. Use wp_unslash() or similar
includes/admin/class-admin-ui.php,1144,33,WARNING,WordPress.Security.ValidatedSanitizedInput.InputNotSanitized,Detected usage of a non-sanitized input variable: $_POST[&#039;source_id&#039;]
includes/admin/class-admin-ui.php,1152,33,WARNING,WordPress.Security.ValidatedSanitizedInput.MissingUnslash,$_POST[&#039;source_id&#039;] not unslashed before sanitization. Use wp_unslash() or similar
includes/admin/class-admin-ui.php,1152,33,WARNING,WordPress.Security.ValidatedSanitizedInput.InputNotSanitized,Detected usage of a non-sanitized input variable: $_POST[&#039;source_id&#039;]
includes/admin/class-admin-ui.php,1160,33,WARNING,WordPress.Security.ValidatedSanitizedInput.MissingUnslash,$_POST[&#039;source_id&#039;] not unslashed before sanitization. Use wp_unslash() or similar
includes/admin/class-admin-ui.php,1160,33,WARNING,WordPress.Security.ValidatedSanitizedInput.InputNotSanitized,Detected usage of a non-sanitized input variable: $_POST[&#039;source_id&#039;]
includes/admin/class-admin-ui.php,1168,46,WARNING,WordPress.Security.NonceVerification.Missing,Processing form data without nonce verification.
includes/admin/class-admin-ui.php,1217,9,WARNING,WordPress.DB.DirectDatabaseQuery.DirectQuery,Use of a direct database call is discouraged.
includes/admin/class-admin-ui.php,1217,9,WARNING,WordPress.DB.DirectDatabaseQuery.NoCaching,Direct database call without caching detected. Consider using wp_cache_get() / wp_cache_set() or wp_cache_delete().
includes/admin/class-admin-ui.php,1244,9,WARNING,WordPress.DB.DirectDatabaseQuery.DirectQuery,Use of a direct database call is discouraged.
includes/admin/class-admin-ui.php,1244,9,WARNING,WordPress.DB.DirectDatabaseQuery.NoCaching,Direct database call without caching detected. Consider using wp_cache_get() / wp_cache_set() or wp_cache_delete().
includes/admin/class-admin-ui.php,1288,32,WARNING,PluginCheck.Security.DirectDB.UnescapedDBParameter,Unescaped parameter $table used in $wpdb-&gt;get_var()\n$table assigned unsafely at line 1285.
includes/admin/class-admin-ui.php,1300,9,WARNING,WordPress.DB.DirectDatabaseQuery.DirectQuery,Use of a direct database call is discouraged.
includes/admin/class-admin-ui.php,1300,9,WARNING,WordPress.DB.DirectDatabaseQuery.NoCaching,Direct database call without caching detected. Consider using wp_cache_get() / wp_cache_set() or wp_cache_delete().
includes/admin/class-admin-ui.php,1460,9,WARNING,WordPress.DB.DirectDatabaseQuery.NoCaching,Direct database call without caching detected. Consider using wp_cache_get() / wp_cache_set() or wp_cache_delete().
includes/admin/class-admin-ui.php,1460,10,WARNING,PluginCheck.Security.DirectDB.UnescapedDBParameter,Unescaped parameter $table used in $wpdb-&gt;query()
includes/admin/class-admin-ui.php,1506,30,WARNING,PluginCheck.Security.DirectDB.UnescapedDBParameter,Unescaped parameter $table used in $wpdb-&gt;get_var()\n$table assigned unsafely at line 1503.
includes/admin/class-admin-ui.php,1527,9,WARNING,WordPress.DB.DirectDatabaseQuery.NoCaching,Direct database call without caching detected. Consider using wp_cache_get() / wp_cache_set() or wp_cache_delete().
includes/admin/class-admin-ui.php,1527,10,WARNING,PluginCheck.Security.DirectDB.UnescapedDBParameter,Unescaped parameter $table used in $wpdb-&gt;query()\n$table assigned unsafely at line 1503.
includes/admin/class-admin-ui.php,1561,90,WARNING,WordPress.Security.ValidatedSanitizedInput.InputNotSanitized,Detected usage of a non-sanitized input variable: $_POST[&#039;max_age&#039;]
includes/admin/class-admin-ui.php,1581,9,WARNING,WordPress.DB.DirectDatabaseQuery.NoCaching,Direct database call without caching detected. Consider using wp_cache_get() / wp_cache_set() or wp_cache_delete().
includes/admin/class-admin-ui.php,1581,10,WARNING,PluginCheck.Security.DirectDB.UnescapedDBParameter,Unescaped parameter $table used in $wpdb-&gt;query()
includes/admin/class-admin-ui.php,1627,9,WARNING,WordPress.DB.DirectDatabaseQuery.NoCaching,Direct database call without caching detected. Consider using wp_cache_get() / wp_cache_set() or wp_cache_delete().
includes/admin/class-admin-ui.php,1627,10,WARNING,PluginCheck.Security.DirectDB.UnescapedDBParameter,Unescaped parameter $table used in $wpdb-&gt;query()
includes/admin/class-admin-ui.php,1662,29,WARNING,WordPress.Security.ValidatedSanitizedInput.MissingUnslash,$_POST[&#039;id&#039;] not unslashed before sanitization. Use wp_unslash() or similar
includes/admin/class-admin-ui.php,1662,29,WARNING,WordPress.Security.ValidatedSanitizedInput.InputNotSanitized,Detected usage of a non-sanitized input variable: $_POST[&#039;id&#039;]
includes/admin/class-admin-ui.php,1684,9,WARNING,WordPress.DB.DirectDatabaseQuery.DirectQuery,Use of a direct database call is discouraged.
includes/admin/class-admin-ui.php,1684,9,WARNING,WordPress.DB.DirectDatabaseQuery.NoCaching,Direct database call without caching detected. Consider using wp_cache_get() / wp_cache_set() or wp_cache_delete().
includes/admin/class-admin-ui.php,1725,18,WARNING,WordPress.Security.ValidatedSanitizedInput.MissingUnslash,$_POST[&#039;id&#039;] not unslashed before sanitization. Use wp_unslash() or similar
includes/admin/class-admin-ui.php,1725,18,WARNING,WordPress.Security.ValidatedSanitizedInput.InputNotSanitized,Detected usage of a non-sanitized input variable: $_POST[&#039;id&#039;]
includes/admin/class-admin-ui.php,1726,50,WARNING,WordPress.Security.ValidatedSanitizedInput.InputNotSanitized,Detected usage of a non-sanitized input variable: $_POST[&#039;url&#039;]
includes/admin/class-admin-ui.php,1739,17,WARNING,PluginCheck.Security.DirectDB.UnescapedDBParameter,Unescaped parameter $table used in $wpdb-&gt;get_row()\n$table assigned unsafely at line 1737.
includes/admin/class-table-query.php,24,47,WARNING,WordPress.Security.ValidatedSanitizedInput.InputNotSanitized,Detected usage of a non-sanitized input variable: $_GET[$key]
includes/admin/class-table-query.php,53,28,WARNING,WordPress.Security.ValidatedSanitizedInput.InputNotSanitized,Detected usage of a non-sanitized input variable: $_GET[$key]
includes/admin/views/page-csp-dashboard.php,20,24,WARNING,WordPress.Security.NonceVerification.Recommended,Processing form data without nonce verification.
includes/admin/views/page-csp-dashboard.php,20,74,WARNING,WordPress.Security.NonceVerification.Recommended,Processing form data without nonce verification.
includes/admin/views/page-csp-dashboard.php,21,1,WARNING,WordPress.NamingConventions.PrefixAllGlobals.NonPrefixedVariableFound,Global variables defined by a theme/plugin should start with the theme/plugin prefix. Found: &quot;$allowed_tabs&quot;.
includes/admin/views/page-csp-dashboard.php,26,1,WARNING,WordPress.NamingConventions.PrefixAllGlobals.NonPrefixedVariableFound,Global variables defined by a theme/plugin should start with the theme/plugin prefix. Found: &quot;$base_url&quot;.
includes/admin/views/page-csp-dashboard.php,27,1,WARNING,WordPress.NamingConventions.PrefixAllGlobals.NonPrefixedVariableFound,Global variables defined by a theme/plugin should start with the theme/plugin prefix. Found: &quot;$tab_help&quot;.
includes/admin/views/page-csp-dashboard.php,64,1,WARNING,WordPress.NamingConventions.PrefixAllGlobals.NonPrefixedVariableFound,Global variables defined by a theme/plugin should start with the theme/plugin prefix. Found: &quot;$profiles_raw&quot;.
includes/admin/views/page-csp-dashboard.php,65,1,WARNING,WordPress.NamingConventions.PrefixAllGlobals.NonPrefixedVariableFound,Global variables defined by a theme/plugin should start with the theme/plugin prefix. Found: &quot;$profiles&quot;.
includes/admin/views/page-csp-dashboard.php,66,1,WARNING,WordPress.NamingConventions.PrefixAllGlobals.NonPrefixedVariableFound,Global variables defined by a theme/plugin should start with the theme/plugin prefix. Found: &quot;$surfaces&quot;.
includes/admin/views/page-csp-dashboard.php,67,1,WARNING,WordPress.NamingConventions.PrefixAllGlobals.NonPrefixedVariableFound,Global variables defined by a theme/plugin should start with the theme/plugin prefix. Found: &quot;$automation_config&quot;.
includes/admin/views/page-csp-dashboard.php,68,1,WARNING,WordPress.NamingConventions.PrefixAllGlobals.NonPrefixedVariableFound,Global variables defined by a theme/plugin should start with the theme/plugin prefix. Found: &quot;$automation_labels&quot;.
includes/admin/views/page-csp-dashboard.php,87,1,WARNING,WordPress.NamingConventions.PrefixAllGlobals.NonPrefixedVariableFound,Global variables defined by a theme/plugin should start with the theme/plugin prefix. Found: &quot;$page_num&quot;.
includes/admin/views/page-csp-dashboard.php,87,36,WARNING,WordPress.Security.NonceVerification.Recommended,Processing form data without nonce verification.
includes/admin/views/page-csp-dashboard.php,87,55,WARNING,WordPress.Security.NonceVerification.Recommended,Processing form data without nonce verification.
includes/admin/views/page-csp-dashboard.php,87,55,WARNING,WordPress.Security.ValidatedSanitizedInput.MissingUnslash,$_GET[&#039;paged&#039;] not unslashed before sanitization. Use wp_unslash() or similar
includes/admin/views/page-csp-dashboard.php,87,55,WARNING,WordPress.Security.ValidatedSanitizedInput.InputNotSanitized,Detected usage of a non-sanitized input variable: $_GET[&#039;paged&#039;]
includes/admin/views/page-csp-dashboard.php,88,1,WARNING,WordPress.NamingConventions.PrefixAllGlobals.NonPrefixedVariableFound,Global variables defined by a theme/plugin should start with the theme/plugin prefix. Found: &quot;$offset&quot;.
includes/admin/views/page-csp-dashboard.php,92,1,WARNING,WordPress.NamingConventions.PrefixAllGlobals.NonPrefixedVariableFound,Global variables defined by a theme/plugin should start with the theme/plugin prefix. Found: &quot;$violations_raw&quot;.
includes/admin/views/page-csp-dashboard.php,93,1,WARNING,WordPress.NamingConventions.PrefixAllGlobals.NonPrefixedVariableFound,Global variables defined by a theme/plugin should start with the theme/plugin prefix. Found: &quot;$violations&quot;.
includes/admin/views/page-csp-dashboard.php,103,1,WARNING,WordPress.NamingConventions.PrefixAllGlobals.NonPrefixedVariableFound,Global variables defined by a theme/plugin should start with the theme/plugin prefix. Found: &quot;$conflict_cutoff&quot;.
includes/admin/views/page-csp-dashboard.php,104,1,WARNING,WordPress.NamingConventions.PrefixAllGlobals.NonPrefixedVariableFound,Global variables defined by a theme/plugin should start with the theme/plugin prefix. Found: &quot;$conflict_dismissed_at&quot;.
includes/admin/views/page-csp-dashboard.php,106,5,WARNING,WordPress.NamingConventions.PrefixAllGlobals.NonPrefixedVariableFound,Global variables defined by a theme/plugin should start with the theme/plugin prefix. Found: &quot;$conflict_cutoff&quot;.
includes/admin/views/page-csp-dashboard.php,109,1,WARNING,WordPress.NamingConventions.PrefixAllGlobals.NonPrefixedVariableFound,Global variables defined by a theme/plugin should start with the theme/plugin prefix. Found: &quot;$conflict_notices_raw&quot;.
includes/admin/views/page-csp-dashboard.php,120,1,WARNING,WordPress.NamingConventions.PrefixAllGlobals.NonPrefixedVariableFound,Global variables defined by a theme/plugin should start with the theme/plugin prefix. Found: &quot;$conflict_notices&quot;.
includes/admin/views/page-csp-dashboard.php,124,1,WARNING,WordPress.NamingConventions.PrefixAllGlobals.NonPrefixedVariableFound,Global variables defined by a theme/plugin should start with the theme/plugin prefix. Found: &quot;$scan_logs_raw&quot;.
includes/admin/views/page-csp-dashboard.php,125,1,WARNING,WordPress.NamingConventions.PrefixAllGlobals.NonPrefixedVariableFound,Global variables defined by a theme/plugin should start with the theme/plugin prefix. Found: &quot;$scan_logs&quot;.
includes/admin/views/page-csp-dashboard.php,140,38,WARNING,WordPress.NamingConventions.PrefixAllGlobals.NonPrefixedVariableFound,Global variables defined by a theme/plugin should start with the theme/plugin prefix. Found: &quot;$tab_key&quot;.
includes/admin/views/page-csp-dashboard.php,140,50,WARNING,WordPress.NamingConventions.PrefixAllGlobals.NonPrefixedVariableFound,Global variables defined by a theme/plugin should start with the theme/plugin prefix. Found: &quot;$tab_data&quot;.
includes/admin/views/page-csp-dashboard.php,166,50,WARNING,WordPress.NamingConventions.PrefixAllGlobals.NonPrefixedVariableFound,Global variables defined by a theme/plugin should start with the theme/plugin prefix. Found: &quot;$conflict_notice&quot;.
includes/admin/views/page-csp-dashboard.php,235,9,WARNING,WordPress.NamingConventions.PrefixAllGlobals.NonPrefixedVariableFound,Global variables defined by a theme/plugin should start with the theme/plugin prefix. Found: &quot;$profiles_raw&quot;.
includes/admin/views/page-csp-dashboard.php,235,25,WARNING,WordPress.DB.DirectDatabaseQuery.NoCaching,Direct database call without caching detected. Consider using wp_cache_get() / wp_cache_set() or wp_cache_delete().
includes/admin/views/page-csp-dashboard.php,236,9,WARNING,WordPress.NamingConventions.PrefixAllGlobals.NonPrefixedVariableFound,Global variables defined by a theme/plugin should start with the theme/plugin prefix. Found: &quot;$profiles&quot;.
includes/admin/views/page-csp-dashboard.php,243,9,WARNING,WordPress.NamingConventions.PrefixAllGlobals.NonPrefixedVariableFound,Global variables defined by a theme/plugin should start with the theme/plugin prefix. Found: &quot;$bypass_violation_counts&quot;.
includes/admin/views/page-csp-dashboard.php,244,9,WARNING,WordPress.NamingConventions.PrefixAllGlobals.NonPrefixedVariableFound,Global variables defined by a theme/plugin should start with the theme/plugin prefix. Found: &quot;$bypass_conditions&quot;.
includes/admin/views/page-csp-dashboard.php,245,65,WARNING,WordPress.NamingConventions.PrefixAllGlobals.NonPrefixedVariableFound,Global variables defined by a theme/plugin should start with the theme/plugin prefix. Found: &quot;$bypass_entry&quot;.
includes/admin/views/page-csp-dashboard.php,246,13,WARNING,WordPress.NamingConventions.PrefixAllGlobals.NonPrefixedVariableFound,Global variables defined by a theme/plugin should start with the theme/plugin prefix. Found: &quot;$bypass_conditions&quot;.
includes/admin/views/page-csp-dashboard.php,253,13,WARNING,WordPress.NamingConventions.PrefixAllGlobals.NonPrefixedVariableFound,Global variables defined by a theme/plugin should start with the theme/plugin prefix. Found: &quot;$bypass_where&quot;.
includes/admin/views/page-csp-dashboard.php,256,13,WARNING,WordPress.NamingConventions.PrefixAllGlobals.NonPrefixedVariableFound,Global variables defined by a theme/plugin should start with the theme/plugin prefix. Found: &quot;$bypass_violation_rows&quot;.
includes/admin/views/page-csp-dashboard.php,256,38,WARNING,WordPress.DB.DirectDatabaseQuery.DirectQuery,Use of a direct database call is discouraged.
includes/admin/views/page-csp-dashboard.php,256,38,WARNING,WordPress.DB.DirectDatabaseQuery.NoCaching,Direct database call without caching detected. Consider using wp_cache_get() / wp_cache_set() or wp_cache_delete().
includes/admin/views/page-csp-dashboard.php,260,57,WARNING,WordPress.NamingConventions.PrefixAllGlobals.NonPrefixedVariableFound,Global variables defined by a theme/plugin should start with the theme/plugin prefix. Found: &quot;$row&quot;.
includes/admin/views/page-csp-dashboard.php,261,17,WARNING,WordPress.NamingConventions.PrefixAllGlobals.NonPrefixedVariableFound,Global variables defined by a theme/plugin should start with the theme/plugin prefix. Found: &quot;$key&quot;.
includes/admin/views/page-csp-dashboard.php,262,17,WARNING,WordPress.NamingConventions.PrefixAllGlobals.NonPrefixedVariableFound,Global variables defined by a theme/plugin should start with the theme/plugin prefix. Found: &quot;$bypass_violation_counts&quot;.
includes/admin/views/page-csp-dashboard.php,279,38,WARNING,WordPress.NamingConventions.PrefixAllGlobals.NonPrefixedVariableFound,Global variables defined by a theme/plugin should start with the theme/plugin prefix. Found: &quot;$profile&quot;.
includes/admin/views/page-csp-dashboard.php,289,17,WARNING,WordPress.NamingConventions.PrefixAllGlobals.NonPrefixedVariableFound,Global variables defined by a theme/plugin should start with the theme/plugin prefix. Found: &quot;$surface&quot;.
includes/admin/views/page-csp-dashboard.php,290,17,WARNING,WordPress.NamingConventions.PrefixAllGlobals.NonPrefixedVariableFound,Global variables defined by a theme/plugin should start with the theme/plugin prefix. Found: &quot;$surface_config&quot;.
includes/admin/views/page-csp-dashboard.php,291,17,WARNING,WordPress.NamingConventions.PrefixAllGlobals.NonPrefixedVariableFound,Global variables defined by a theme/plugin should start with the theme/plugin prefix. Found: &quot;$automation_mode&quot;.
includes/admin/views/page-csp-dashboard.php,292,17,WARNING,WordPress.NamingConventions.PrefixAllGlobals.NonPrefixedVariableFound,Global variables defined by a theme/plugin should start with the theme/plugin prefix. Found: &quot;$automation_title&quot;.
includes/admin/views/page-csp-dashboard.php,305,68,WARNING,WordPress.NamingConventions.PrefixAllGlobals.NonPrefixedVariableFound,Global variables defined by a theme/plugin should start with the theme/plugin prefix. Found: &quot;$label&quot;.
includes/admin/views/page-csp-dashboard.php,331,21,WARNING,WordPress.NamingConventions.PrefixAllGlobals.NonPrefixedVariableFound,Global variables defined by a theme/plugin should start with the theme/plugin prefix. Found: &quot;$trusted_types_note&quot;.
includes/admin/views/page-csp-dashboard.php,338,17,WARNING,WordPress.NamingConventions.PrefixAllGlobals.NonPrefixedVariableFound,Global variables defined by a theme/plugin should start with the theme/plugin prefix. Found: &quot;$bypass_enabled_flags&quot;.
includes/admin/views/page-csp-dashboard.php,339,17,WARNING,WordPress.NamingConventions.PrefixAllGlobals.NonPrefixedVariableFound,Global variables defined by a theme/plugin should start with the theme/plugin prefix. Found: &quot;$bypass_enabled_flags&quot;.
includes/admin/views/page-csp-dashboard.php,340,17,WARNING,WordPress.NamingConventions.PrefixAllGlobals.NonPrefixedVariableFound,Global variables defined by a theme/plugin should start with the theme/plugin prefix. Found: &quot;$bypass_shown_any&quot;.
includes/admin/views/page-csp-dashboard.php,342,79,WARNING,WordPress.NamingConventions.PrefixAllGlobals.NonPrefixedVariableFound,Global variables defined by a theme/plugin should start with the theme/plugin prefix. Found: &quot;$bypass_flag&quot;.
includes/admin/views/page-csp-dashboard.php,342,95,WARNING,WordPress.NamingConventions.PrefixAllGlobals.NonPrefixedVariableFound,Global variables defined by a theme/plugin should start with the theme/plugin prefix. Found: &quot;$bypass_entry&quot;.
includes/admin/views/page-csp-dashboard.php,344,21,WARNING,WordPress.NamingConventions.PrefixAllGlobals.NonPrefixedVariableFound,Global variables defined by a theme/plugin should start with the theme/plugin prefix. Found: &quot;$bypass_is_enabled&quot;.
includes/admin/views/page-csp-dashboard.php,345,21,WARNING,WordPress.NamingConventions.PrefixAllGlobals.NonPrefixedVariableFound,Global variables defined by a theme/plugin should start with the theme/plugin prefix. Found: &quot;$bypass_key&quot;.
includes/admin/views/page-csp-dashboard.php,346,21,WARNING,WordPress.NamingConventions.PrefixAllGlobals.NonPrefixedVariableFound,Global variables defined by a theme/plugin should start with the theme/plugin prefix. Found: &quot;$bypass_count&quot;.
includes/admin/views/page-csp-dashboard.php,357,21,WARNING,WordPress.NamingConventions.PrefixAllGlobals.NonPrefixedVariableFound,Global variables defined by a theme/plugin should start with the theme/plugin prefix. Found: &quot;$bypass_shown_any&quot;.
includes/admin/views/page-csp-dashboard.php,369,21,WARNING,WordPress.NamingConventions.PrefixAllGlobals.NonPrefixedVariableFound,Global variables defined by a theme/plugin should start with the theme/plugin prefix. Found: &quot;$bypass_note&quot;.
includes/admin/views/page-csp-dashboard.php,371,25,WARNING,WordPress.NamingConventions.PrefixAllGlobals.NonPrefixedVariableFound,Global variables defined by a theme/plugin should start with the theme/plugin prefix. Found: &quot;$bypass_note&quot;.
includes/admin/views/page-csp-dashboard.php,409,9,WARNING,WordPress.NamingConventions.PrefixAllGlobals.NonPrefixedVariableFound,Global variables defined by a theme/plugin should start with the theme/plugin prefix. Found: &quot;$src_surface&quot;.
includes/admin/views/page-csp-dashboard.php,410,9,WARNING,WordPress.NamingConventions.PrefixAllGlobals.NonPrefixedVariableFound,Global variables defined by a theme/plugin should start with the theme/plugin prefix. Found: &quot;$src_state&quot;.
includes/admin/views/page-csp-dashboard.php,411,9,WARNING,WordPress.NamingConventions.PrefixAllGlobals.NonPrefixedVariableFound,Global variables defined by a theme/plugin should start with the theme/plugin prefix. Found: &quot;$src_risk&quot;.
includes/admin/views/page-csp-dashboard.php,412,9,WARNING,WordPress.NamingConventions.PrefixAllGlobals.NonPrefixedVariableFound,Global variables defined by a theme/plugin should start with the theme/plugin prefix. Found: &quot;$src_directive&quot;.
includes/admin/views/page-csp-dashboard.php,413,9,WARNING,WordPress.NamingConventions.PrefixAllGlobals.NonPrefixedVariableFound,Global variables defined by a theme/plugin should start with the theme/plugin prefix. Found: &quot;$src_host&quot;.
includes/admin/views/page-csp-dashboard.php,414,9,WARNING,WordPress.NamingConventions.PrefixAllGlobals.NonPrefixedVariableFound,Global variables defined by a theme/plugin should start with the theme/plugin prefix. Found: &quot;$src_evidence_min&quot;.
includes/admin/views/page-csp-dashboard.php,415,9,WARNING,WordPress.NamingConventions.PrefixAllGlobals.NonPrefixedVariableFound,Global variables defined by a theme/plugin should start with the theme/plugin prefix. Found: &quot;$src_seen_from&quot;.
includes/admin/views/page-csp-dashboard.php,416,9,WARNING,WordPress.NamingConventions.PrefixAllGlobals.NonPrefixedVariableFound,Global variables defined by a theme/plugin should start with the theme/plugin prefix. Found: &quot;$src_seen_to&quot;.
includes/admin/views/page-csp-dashboard.php,417,9,WARNING,WordPress.NamingConventions.PrefixAllGlobals.NonPrefixedVariableFound,Global variables defined by a theme/plugin should start with the theme/plugin prefix. Found: &quot;$src_id&quot;.
includes/admin/views/page-csp-dashboard.php,419,9,WARNING,WordPress.NamingConventions.PrefixAllGlobals.NonPrefixedVariableFound,Global variables defined by a theme/plugin should start with the theme/plugin prefix. Found: &quot;$src_where&quot;.
includes/admin/views/page-csp-dashboard.php,420,9,WARNING,WordPress.NamingConventions.PrefixAllGlobals.NonPrefixedVariableFound,Global variables defined by a theme/plugin should start with the theme/plugin prefix. Found: &quot;$src_args&quot;.
includes/admin/views/page-csp-dashboard.php,430,18,WARNING,WordPress.NamingConventions.PrefixAllGlobals.NonPrefixedVariableFound,Global variables defined by a theme/plugin should start with the theme/plugin prefix. Found: &quot;$src_fragment&quot;.
includes/admin/views/page-csp-dashboard.php,435,13,WARNING,WordPress.NamingConventions.PrefixAllGlobals.NonPrefixedVariableFound,Global variables defined by a theme/plugin should start with the theme/plugin prefix. Found: &quot;$src_where&quot;.
includes/admin/views/page-csp-dashboard.php,439,13,WARNING,WordPress.NamingConventions.PrefixAllGlobals.NonPrefixedVariableFound,Global variables defined by a theme/plugin should start with the theme/plugin prefix. Found: &quot;$src_where&quot;.
includes/admin/views/page-csp-dashboard.php,440,13,WARNING,WordPress.NamingConventions.PrefixAllGlobals.NonPrefixedVariableFound,Global variables defined by a theme/plugin should start with the theme/plugin prefix. Found: &quot;$src_args&quot;.
includes/admin/views/page-csp-dashboard.php,443,9,WARNING,WordPress.NamingConventions.PrefixAllGlobals.NonPrefixedVariableFound,Global variables defined by a theme/plugin should start with the theme/plugin prefix. Found: &quot;$src_where_sql&quot;.
includes/admin/views/page-csp-dashboard.php,445,9,WARNING,WordPress.NamingConventions.PrefixAllGlobals.NonPrefixedVariableFound,Global variables defined by a theme/plugin should start with the theme/plugin prefix. Found: &quot;$src_sort_whitelist&quot;.
includes/admin/views/page-csp-dashboard.php,479,9,WARNING,WordPress.NamingConventions.PrefixAllGlobals.NonPrefixedVariableFound,Global variables defined by a theme/plugin should start with the theme/plugin prefix. Found: &quot;$src_sort&quot;.
includes/admin/views/page-csp-dashboard.php,486,9,WARNING,WordPress.NamingConventions.PrefixAllGlobals.NonPrefixedVariableFound,Global variables defined by a theme/plugin should start with the theme/plugin prefix. Found: &quot;$src_state_args&quot;.
includes/admin/views/page-csp-dashboard.php,503,9,WARNING,WordPress.NamingConventions.PrefixAllGlobals.NonPrefixedVariableFound,Global variables defined by a theme/plugin should start with the theme/plugin prefix. Found: &quot;$count_sql&quot;.
includes/admin/views/page-csp-dashboard.php,506,13,WARNING,WordPress.NamingConventions.PrefixAllGlobals.NonPrefixedVariableFound,Global variables defined by a theme/plugin should start with the theme/plugin prefix. Found: &quot;$count_sql&quot;.
includes/admin/views/page-csp-dashboard.php,509,9,WARNING,WordPress.NamingConventions.PrefixAllGlobals.NonPrefixedVariableFound,Global variables defined by a theme/plugin should start with the theme/plugin prefix. Found: &quot;$src_total&quot;.
includes/admin/views/page-csp-dashboard.php,509,28,WARNING,WordPress.DB.DirectDatabaseQuery.NoCaching,Direct database call without caching detected. Consider using wp_cache_get() / wp_cache_set() or wp_cache_delete().
includes/admin/views/page-csp-dashboard.php,509,29,WARNING,PluginCheck.Security.DirectDB.UnescapedDBParameter,Unescaped parameter $count_sql used in $wpdb-&gt;get_var()\n$count_sql assigned unsafely at line 506.
includes/admin/views/page-csp-dashboard.php,511,9,WARNING,WordPress.NamingConventions.PrefixAllGlobals.NonPrefixedVariableFound,Global variables defined by a theme/plugin should start with the theme/plugin prefix. Found: &quot;$src_pages&quot;.
includes/admin/views/page-csp-dashboard.php,512,9,WARNING,WordPress.NamingConventions.PrefixAllGlobals.NonPrefixedVariableFound,Global variables defined by a theme/plugin should start with the theme/plugin prefix. Found: &quot;$page_num&quot;.
includes/admin/views/page-csp-dashboard.php,512,44,WARNING,WordPress.Security.NonceVerification.Recommended,Processing form data without nonce verification.
includes/admin/views/page-csp-dashboard.php,512,63,WARNING,WordPress.Security.NonceVerification.Recommended,Processing form data without nonce verification.
includes/admin/views/page-csp-dashboard.php,512,63,WARNING,WordPress.Security.ValidatedSanitizedInput.MissingUnslash,$_GET[&#039;paged&#039;] not unslashed before sanitization. Use wp_unslash() or similar
includes/admin/views/page-csp-dashboard.php,512,63,WARNING,WordPress.Security.ValidatedSanitizedInput.InputNotSanitized,Detected usage of a non-sanitized input variable: $_GET[&#039;paged&#039;]
includes/admin/views/page-csp-dashboard.php,513,9,WARNING,WordPress.NamingConventions.PrefixAllGlobals.NonPrefixedVariableFound,Global variables defined by a theme/plugin should start with the theme/plugin prefix. Found: &quot;$offset&quot;.
includes/admin/views/page-csp-dashboard.php,515,9,WARNING,WordPress.NamingConventions.PrefixAllGlobals.NonPrefixedVariableFound,Global variables defined by a theme/plugin should start with the theme/plugin prefix. Found: &quot;$query_args&quot;.
includes/admin/views/page-csp-dashboard.php,516,9,WARNING,WordPress.NamingConventions.PrefixAllGlobals.NonPrefixedVariableFound,Global variables defined by a theme/plugin should start with the theme/plugin prefix. Found: &quot;$data_sql&quot;.
includes/admin/views/page-csp-dashboard.php,518,9,WARNING,WordPress.NamingConventions.PrefixAllGlobals.NonPrefixedVariableFound,Global variables defined by a theme/plugin should start with the theme/plugin prefix. Found: &quot;$data_sql&quot;.
includes/admin/views/page-csp-dashboard.php,520,9,WARNING,WordPress.NamingConventions.PrefixAllGlobals.NonPrefixedVariableFound,Global variables defined by a theme/plugin should start with the theme/plugin prefix. Found: &quot;$sources_raw&quot;.
includes/admin/views/page-csp-dashboard.php,520,25,WARNING,PluginCheck.Security.DirectDB.UnescapedDBParameter,Unescaped parameter $data_sql used in $wpdb-&gt;get_results()\n$data_sql assigned unsafely at line 518.
includes/admin/views/page-csp-dashboard.php,521,9,WARNING,WordPress.NamingConventions.PrefixAllGlobals.NonPrefixedVariableFound,Global variables defined by a theme/plugin should start with the theme/plugin prefix. Found: &quot;$sources&quot;.
includes/admin/views/page-csp-dashboard.php,540,81,WARNING,WordPress.NamingConventions.PrefixAllGlobals.NonPrefixedVariableFound,Global variables defined by a theme/plugin should start with the theme/plugin prefix. Found: &quot;$st&quot;.
includes/admin/views/page-csp-dashboard.php,548,73,WARNING,WordPress.NamingConventions.PrefixAllGlobals.NonPrefixedVariableFound,Global variables defined by a theme/plugin should start with the theme/plugin prefix. Found: &quot;$risk&quot;.
includes/admin/views/page-csp-dashboard.php,598,37,WARNING,WordPress.NamingConventions.PrefixAllGlobals.NonPrefixedVariableFound,Global variables defined by a theme/plugin should start with the theme/plugin prefix. Found: &quot;$src&quot;.
includes/admin/views/page-csp-dashboard.php,649,9,WARNING,WordPress.NamingConventions.PrefixAllGlobals.NonPrefixedVariableFound,Global variables defined by a theme/plugin should start with the theme/plugin prefix. Found: &quot;$pc_type&quot;.
includes/admin/views/page-csp-dashboard.php,650,9,WARNING,WordPress.NamingConventions.PrefixAllGlobals.NonPrefixedVariableFound,Global variables defined by a theme/plugin should start with the theme/plugin prefix. Found: &quot;$pc_event&quot;.
includes/admin/views/page-csp-dashboard.php,651,9,WARNING,WordPress.NamingConventions.PrefixAllGlobals.NonPrefixedVariableFound,Global variables defined by a theme/plugin should start with the theme/plugin prefix. Found: &quot;$pc_surface&quot;.
includes/admin/views/page-csp-dashboard.php,652,9,WARNING,WordPress.NamingConventions.PrefixAllGlobals.NonPrefixedVariableFound,Global variables defined by a theme/plugin should start with the theme/plugin prefix. Found: &quot;$pc_directive&quot;.
includes/admin/views/page-csp-dashboard.php,653,9,WARNING,WordPress.NamingConventions.PrefixAllGlobals.NonPrefixedVariableFound,Global variables defined by a theme/plugin should start with the theme/plugin prefix. Found: &quot;$pc_host&quot;.
includes/admin/views/page-csp-dashboard.php,654,9,WARNING,WordPress.NamingConventions.PrefixAllGlobals.NonPrefixedVariableFound,Global variables defined by a theme/plugin should start with the theme/plugin prefix. Found: &quot;$pc_risk&quot;.
includes/admin/views/page-csp-dashboard.php,655,9,WARNING,WordPress.NamingConventions.PrefixAllGlobals.NonPrefixedVariableFound,Global variables defined by a theme/plugin should start with the theme/plugin prefix. Found: &quot;$pc_policy_ver&quot;.
includes/admin/views/page-csp-dashboard.php,656,9,WARNING,WordPress.NamingConventions.PrefixAllGlobals.NonPrefixedVariableFound,Global variables defined by a theme/plugin should start with the theme/plugin prefix. Found: &quot;$pc_suppression&quot;.
includes/admin/views/page-csp-dashboard.php,657,9,WARNING,WordPress.NamingConventions.PrefixAllGlobals.NonPrefixedVariableFound,Global variables defined by a theme/plugin should start with the theme/plugin prefix. Found: &quot;$pc_actor&quot;.
includes/admin/views/page-csp-dashboard.php,658,9,WARNING,WordPress.NamingConventions.PrefixAllGlobals.NonPrefixedVariableFound,Global variables defined by a theme/plugin should start with the theme/plugin prefix. Found: &quot;$pc_detail&quot;.
includes/admin/views/page-csp-dashboard.php,659,9,WARNING,WordPress.NamingConventions.PrefixAllGlobals.NonPrefixedVariableFound,Global variables defined by a theme/plugin should start with the theme/plugin prefix. Found: &quot;$pc_when_from&quot;.
includes/admin/views/page-csp-dashboard.php,660,9,WARNING,WordPress.NamingConventions.PrefixAllGlobals.NonPrefixedVariableFound,Global variables defined by a theme/plugin should start with the theme/plugin prefix. Found: &quot;$pc_when_to&quot;.
includes/admin/views/page-csp-dashboard.php,663,9,WARNING,WordPress.NamingConventions.PrefixAllGlobals.NonPrefixedVariableFound,Global variables defined by a theme/plugin should start with the theme/plugin prefix. Found: &quot;$pc_directive_options&quot;.
includes/admin/views/page-csp-dashboard.php,663,33,WARNING,WordPress.DB.DirectDatabaseQuery.NoCaching,Direct database call without caching detected. Consider using wp_cache_get() / wp_cache_set() or wp_cache_delete().
includes/admin/views/page-csp-dashboard.php,664,9,WARNING,WordPress.NamingConventions.PrefixAllGlobals.NonPrefixedVariableFound,Global variables defined by a theme/plugin should start with the theme/plugin prefix. Found: &quot;$pc_directive_options&quot;.
includes/admin/views/page-csp-dashboard.php,667,9,WARNING,WordPress.NamingConventions.PrefixAllGlobals.NonPrefixedVariableFound,Global variables defined by a theme/plugin should start with the theme/plugin prefix. Found: &quot;$pc_actor_from_decisions&quot;.
includes/admin/views/page-csp-dashboard.php,667,36,WARNING,WordPress.DB.DirectDatabaseQuery.NoCaching,Direct database call without caching detected. Consider using wp_cache_get() / wp_cache_set() or wp_cache_delete().
includes/admin/views/page-csp-dashboard.php,668,9,WARNING,WordPress.NamingConventions.PrefixAllGlobals.NonPrefixedVariableFound,Global variables defined by a theme/plugin should start with the theme/plugin prefix. Found: &quot;$pc_actor_from_decisions&quot;.
includes/admin/views/page-csp-dashboard.php,670,9,WARNING,WordPress.NamingConventions.PrefixAllGlobals.NonPrefixedVariableFound,Global variables defined by a theme/plugin should start with the theme/plugin prefix. Found: &quot;$pc_actor_from_versions&quot;.
includes/admin/views/page-csp-dashboard.php,670,35,WARNING,WordPress.DB.DirectDatabaseQuery.NoCaching,Direct database call without caching detected. Consider using wp_cache_get() / wp_cache_set() or wp_cache_delete().
includes/admin/views/page-csp-dashboard.php,671,9,WARNING,WordPress.NamingConventions.PrefixAllGlobals.NonPrefixedVariableFound,Global variables defined by a theme/plugin should start with the theme/plugin prefix. Found: &quot;$pc_actor_from_versions&quot;.
includes/admin/views/page-csp-dashboard.php,672,9,WARNING,WordPress.NamingConventions.PrefixAllGlobals.NonPrefixedVariableFound,Global variables defined by a theme/plugin should start with the theme/plugin prefix. Found: &quot;$pc_actor_from_versions&quot;.
includes/admin/views/page-csp-dashboard.php,678,9,WARNING,WordPress.NamingConventions.PrefixAllGlobals.NonPrefixedVariableFound,Global variables defined by a theme/plugin should start with the theme/plugin prefix. Found: &quot;$pc_actor_options&quot;.
includes/admin/views/page-csp-dashboard.php,689,9,WARNING,WordPress.NamingConventions.PrefixAllGlobals.NonPrefixedVariableFound,Global variables defined by a theme/plugin should start with the theme/plugin prefix. Found: &quot;$pc_type_options&quot;.
includes/admin/views/page-csp-dashboard.php,694,9,WARNING,WordPress.NamingConventions.PrefixAllGlobals.NonPrefixedVariableFound,Global variables defined by a theme/plugin should start with the theme/plugin prefix. Found: &quot;$pc_event_options&quot;.
includes/admin/views/page-csp-dashboard.php,704,9,WARNING,WordPress.NamingConventions.PrefixAllGlobals.NonPrefixedVariableFound,Global variables defined by a theme/plugin should start with the theme/plugin prefix. Found: &quot;$pc_result&quot;.
includes/admin/views/page-csp-dashboard.php,722,9,WARNING,WordPress.NamingConventions.PrefixAllGlobals.NonPrefixedVariableFound,Global variables defined by a theme/plugin should start with the theme/plugin prefix. Found: &quot;$pc_sort_whitelist&quot;.
includes/admin/views/page-csp-dashboard.php,768,9,WARNING,WordPress.NamingConventions.PrefixAllGlobals.NonPrefixedVariableFound,Global variables defined by a theme/plugin should start with the theme/plugin prefix. Found: &quot;$pc_sort&quot;.
includes/admin/views/page-csp-dashboard.php,775,9,WARNING,WordPress.NamingConventions.PrefixAllGlobals.NonPrefixedVariableFound,Global variables defined by a theme/plugin should start with the theme/plugin prefix. Found: &quot;$policy_events_sorted&quot;.
includes/admin/views/page-csp-dashboard.php,777,9,WARNING,WordPress.NamingConventions.PrefixAllGlobals.NonPrefixedVariableFound,Global variables defined by a theme/plugin should start with the theme/plugin prefix. Found: &quot;$pc_total&quot;.
includes/admin/views/page-csp-dashboard.php,778,9,WARNING,WordPress.NamingConventions.PrefixAllGlobals.NonPrefixedVariableFound,Global variables defined by a theme/plugin should start with the theme/plugin prefix. Found: &quot;$pc_pages&quot;.
includes/admin/views/page-csp-dashboard.php,779,9,WARNING,WordPress.NamingConventions.PrefixAllGlobals.NonPrefixedVariableFound,Global variables defined by a theme/plugin should start with the theme/plugin prefix. Found: &quot;$pc_page_num&quot;.
includes/admin/views/page-csp-dashboard.php,779,48,WARNING,WordPress.Security.NonceVerification.Recommended,Processing form data without nonce verification.
includes/admin/views/page-csp-dashboard.php,779,70,WARNING,WordPress.Security.NonceVerification.Recommended,Processing form data without nonce verification.
includes/admin/views/page-csp-dashboard.php,779,70,WARNING,WordPress.Security.ValidatedSanitizedInput.MissingUnslash,$_GET[&#039;pc_paged&#039;] not unslashed before sanitization. Use wp_unslash() or similar
includes/admin/views/page-csp-dashboard.php,779,70,WARNING,WordPress.Security.ValidatedSanitizedInput.InputNotSanitized,Detected usage of a non-sanitized input variable: $_GET[&#039;pc_paged&#039;]
includes/admin/views/page-csp-dashboard.php,780,9,WARNING,WordPress.NamingConventions.PrefixAllGlobals.NonPrefixedVariableFound,Global variables defined by a theme/plugin should start with the theme/plugin prefix. Found: &quot;$pc_offset&quot;.
includes/admin/views/page-csp-dashboard.php,781,9,WARNING,WordPress.NamingConventions.PrefixAllGlobals.NonPrefixedVariableFound,Global variables defined by a theme/plugin should start with the theme/plugin prefix. Found: &quot;$policy_events&quot;.
includes/admin/views/page-csp-dashboard.php,783,9,WARNING,WordPress.NamingConventions.PrefixAllGlobals.NonPrefixedVariableFound,Global variables defined by a theme/plugin should start with the theme/plugin prefix. Found: &quot;$pc_state_args&quot;.
includes/admin/views/page-csp-dashboard.php,819,57,WARNING,WordPress.NamingConventions.PrefixAllGlobals.NonPrefixedVariableFound,Global variables defined by a theme/plugin should start with the theme/plugin prefix. Found: &quot;$opt&quot;.
includes/admin/views/page-csp-dashboard.php,827,58,WARNING,WordPress.NamingConventions.PrefixAllGlobals.NonPrefixedVariableFound,Global variables defined by a theme/plugin should start with the theme/plugin prefix. Found: &quot;$opt&quot;.
includes/admin/views/page-csp-dashboard.php,843,62,WARNING,WordPress.NamingConventions.PrefixAllGlobals.NonPrefixedVariableFound,Global variables defined by a theme/plugin should start with the theme/plugin prefix. Found: &quot;$d&quot;.
includes/admin/views/page-csp-dashboard.php,855,73,WARNING,WordPress.NamingConventions.PrefixAllGlobals.NonPrefixedVariableFound,Global variables defined by a theme/plugin should start with the theme/plugin prefix. Found: &quot;$risk&quot;.
includes/admin/views/page-csp-dashboard.php,874,58,WARNING,WordPress.NamingConventions.PrefixAllGlobals.NonPrefixedVariableFound,Global variables defined by a theme/plugin should start with the theme/plugin prefix. Found: &quot;$a&quot;.
includes/admin/views/page-csp-dashboard.php,913,43,WARNING,WordPress.NamingConventions.PrefixAllGlobals.NonPrefixedVariableFound,Global variables defined by a theme/plugin should start with the theme/plugin prefix. Found: &quot;$event&quot;.
includes/admin/views/page-csp-dashboard.php,955,9,WARNING,WordPress.NamingConventions.PrefixAllGlobals.NonPrefixedVariableFound,Global variables defined by a theme/plugin should start with the theme/plugin prefix. Found: &quot;$audit_versions_table&quot;.
includes/admin/views/page-csp-dashboard.php,956,9,WARNING,WordPress.NamingConventions.PrefixAllGlobals.NonPrefixedVariableFound,Global variables defined by a theme/plugin should start with the theme/plugin prefix. Found: &quot;$audit_pending_table&quot;.
includes/admin/views/page-csp-dashboard.php,957,9,WARNING,WordPress.NamingConventions.PrefixAllGlobals.NonPrefixedVariableFound,Global variables defined by a theme/plugin should start with the theme/plugin prefix. Found: &quot;$profiles_by_surface&quot;.
includes/admin/views/page-csp-dashboard.php,972,42,WARNING,WordPress.NamingConventions.PrefixAllGlobals.NonPrefixedVariableFound,Global variables defined by a theme/plugin should start with the theme/plugin prefix. Found: &quot;$surface&quot;.
includes/admin/views/page-csp-dashboard.php,974,17,WARNING,WordPress.NamingConventions.PrefixAllGlobals.NonPrefixedVariableFound,Global variables defined by a theme/plugin should start with the theme/plugin prefix. Found: &quot;$audit_latest&quot;.
includes/admin/views/page-csp-dashboard.php,974,28,WARNING,PluginCheck.Security.DirectDB.UnescapedDBParameter,Unescaped parameter $audit_versions_table used in $wpdb-&gt;get_row()\n$audit_versions_table assigned unsafely at line 955.
includes/admin/views/page-csp-dashboard.php,974,33,WARNING,WordPress.DB.DirectDatabaseQuery.DirectQuery,Use of a direct database call is discouraged.
includes/admin/views/page-csp-dashboard.php,974,33,WARNING,WordPress.DB.DirectDatabaseQuery.NoCaching,Direct database call without caching detected. Consider using wp_cache_get() / wp_cache_set() or wp_cache_delete().
includes/admin/views/page-csp-dashboard.php,982,17,WARNING,WordPress.NamingConventions.PrefixAllGlobals.NonPrefixedVariableFound,Global variables defined by a theme/plugin should start with the theme/plugin prefix. Found: &quot;$audit_pending_count&quot;.
includes/admin/views/page-csp-dashboard.php,982,41,WARNING,PluginCheck.Security.DirectDB.UnescapedDBParameter,Unescaped parameter $audit_pending_table used in $wpdb-&gt;get_var()\n$audit_pending_table assigned unsafely at line 956.
includes/admin/views/page-csp-dashboard.php,982,46,WARNING,WordPress.DB.DirectDatabaseQuery.DirectQuery,Use of a direct database call is discouraged.
includes/admin/views/page-csp-dashboard.php,982,46,WARNING,WordPress.DB.DirectDatabaseQuery.NoCaching,Direct database call without caching detected. Consider using wp_cache_get() / wp_cache_set() or wp_cache_delete().
includes/admin/views/page-csp-dashboard.php,989,17,WARNING,WordPress.NamingConventions.PrefixAllGlobals.NonPrefixedVariableFound,Global variables defined by a theme/plugin should start with the theme/plugin prefix. Found: &quot;$audit_high_count&quot;.
includes/admin/views/page-csp-dashboard.php,989,38,WARNING,PluginCheck.Security.DirectDB.UnescapedDBParameter,Unescaped parameter $audit_pending_table used in $wpdb-&gt;get_var()\n$audit_pending_table assigned unsafely at line 956.
includes/admin/views/page-csp-dashboard.php,989,43,WARNING,WordPress.DB.DirectDatabaseQuery.DirectQuery,Use of a direct database call is discouraged.
includes/admin/views/page-csp-dashboard.php,989,43,WARNING,WordPress.DB.DirectDatabaseQuery.NoCaching,Direct database call without caching detected. Consider using wp_cache_get() / wp_cache_set() or wp_cache_delete().
includes/admin/views/page-csp-dashboard.php,996,17,WARNING,WordPress.NamingConventions.PrefixAllGlobals.NonPrefixedVariableFound,Global variables defined by a theme/plugin should start with the theme/plugin prefix. Found: &quot;$audit_profile&quot;.
includes/admin/views/page-csp-dashboard.php,1017,9,WARNING,WordPress.NamingConventions.PrefixAllGlobals.NonPrefixedVariableFound,Global variables defined by a theme/plugin should start with the theme/plugin prefix. Found: &quot;$report_endpoint_url&quot;.
includes/admin/views/page-csp-dashboard.php,1019,13,WARNING,WordPress.NamingConventions.PrefixAllGlobals.NonPrefixedVariableFound,Global variables defined by a theme/plugin should start with the theme/plugin prefix. Found: &quot;$report_endpoint_url&quot;.
includes/admin/views/page-csp-dashboard.php,1022,9,WARNING,WordPress.NamingConventions.PrefixAllGlobals.NonPrefixedVariableFound,Global variables defined by a theme/plugin should start with the theme/plugin prefix. Found: &quot;$v_surface&quot;.
includes/admin/views/page-csp-dashboard.php,1023,9,WARNING,WordPress.NamingConventions.PrefixAllGlobals.NonPrefixedVariableFound,Global variables defined by a theme/plugin should start with the theme/plugin prefix. Found: &quot;$v_directive&quot;.
includes/admin/views/page-csp-dashboard.php,1024,9,WARNING,WordPress.NamingConventions.PrefixAllGlobals.NonPrefixedVariableFound,Global variables defined by a theme/plugin should start with the theme/plugin prefix. Found: &quot;$v_blocked&quot;.
includes/admin/views/page-csp-dashboard.php,1025,9,WARNING,WordPress.NamingConventions.PrefixAllGlobals.NonPrefixedVariableFound,Global variables defined by a theme/plugin should start with the theme/plugin prefix. Found: &quot;$v_occ_min&quot;.
includes/admin/views/page-csp-dashboard.php,1026,9,WARNING,WordPress.NamingConventions.PrefixAllGlobals.NonPrefixedVariableFound,Global variables defined by a theme/plugin should start with the theme/plugin prefix. Found: &quot;$v_seen_from&quot;.
includes/admin/views/page-csp-dashboard.php,1027,9,WARNING,WordPress.NamingConventions.PrefixAllGlobals.NonPrefixedVariableFound,Global variables defined by a theme/plugin should start with the theme/plugin prefix. Found: &quot;$v_seen_to&quot;.
includes/admin/views/page-csp-dashboard.php,1029,9,WARNING,WordPress.NamingConventions.PrefixAllGlobals.NonPrefixedVariableFound,Global variables defined by a theme/plugin should start with the theme/plugin prefix. Found: &quot;$viol_where&quot;.
includes/admin/views/page-csp-dashboard.php,1030,9,WARNING,WordPress.NamingConventions.PrefixAllGlobals.NonPrefixedVariableFound,Global variables defined by a theme/plugin should start with the theme/plugin prefix. Found: &quot;$viol_args&quot;.
includes/admin/views/page-csp-dashboard.php,1038,18,WARNING,WordPress.NamingConventions.PrefixAllGlobals.NonPrefixedVariableFound,Global variables defined by a theme/plugin should start with the theme/plugin prefix. Found: &quot;$viol_fragment&quot;.
includes/admin/views/page-csp-dashboard.php,1043,13,WARNING,WordPress.NamingConventions.PrefixAllGlobals.NonPrefixedVariableFound,Global variables defined by a theme/plugin should start with the theme/plugin prefix. Found: &quot;$viol_where&quot;.
includes/admin/views/page-csp-dashboard.php,1046,9,WARNING,WordPress.NamingConventions.PrefixAllGlobals.NonPrefixedVariableFound,Global variables defined by a theme/plugin should start with the theme/plugin prefix. Found: &quot;$viol_where_sql&quot;.
includes/admin/views/page-csp-dashboard.php,1048,9,WARNING,WordPress.NamingConventions.PrefixAllGlobals.NonPrefixedVariableFound,Global variables defined by a theme/plugin should start with the theme/plugin prefix. Found: &quot;$viol_sort_whitelist&quot;.
includes/admin/views/page-csp-dashboard.php,1074,9,WARNING,WordPress.NamingConventions.PrefixAllGlobals.NonPrefixedVariableFound,Global variables defined by a theme/plugin should start with the theme/plugin prefix. Found: &quot;$viol_sort&quot;.
includes/admin/views/page-csp-dashboard.php,1081,9,WARNING,WordPress.NamingConventions.PrefixAllGlobals.NonPrefixedVariableFound,Global variables defined by a theme/plugin should start with the theme/plugin prefix. Found: &quot;$viol_state_args&quot;.
includes/admin/views/page-csp-dashboard.php,1095,9,WARNING,WordPress.NamingConventions.PrefixAllGlobals.NonPrefixedVariableFound,Global variables defined by a theme/plugin should start with the theme/plugin prefix. Found: &quot;$viol_count_sql&quot;.
includes/admin/views/page-csp-dashboard.php,1098,13,WARNING,WordPress.NamingConventions.PrefixAllGlobals.NonPrefixedVariableFound,Global variables defined by a theme/plugin should start with the theme/plugin prefix. Found: &quot;$viol_count_sql&quot;.
includes/admin/views/page-csp-dashboard.php,1101,9,WARNING,WordPress.NamingConventions.PrefixAllGlobals.NonPrefixedVariableFound,Global variables defined by a theme/plugin should start with the theme/plugin prefix. Found: &quot;$viol_total&quot;.
includes/admin/views/page-csp-dashboard.php,1101,29,WARNING,WordPress.DB.DirectDatabaseQuery.NoCaching,Direct database call without caching detected. Consider using wp_cache_get() / wp_cache_set() or wp_cache_delete().
includes/admin/views/page-csp-dashboard.php,1101,30,WARNING,PluginCheck.Security.DirectDB.UnescapedDBParameter,Unescaped parameter $viol_count_sql used in $wpdb-&gt;get_var()\n$viol_count_sql assigned unsafely at line 1098.
includes/admin/views/page-csp-dashboard.php,1103,9,WARNING,WordPress.NamingConventions.PrefixAllGlobals.NonPrefixedVariableFound,Global variables defined by a theme/plugin should start with the theme/plugin prefix. Found: &quot;$viol_pages&quot;.
includes/admin/views/page-csp-dashboard.php,1104,9,WARNING,WordPress.NamingConventions.PrefixAllGlobals.NonPrefixedVariableFound,Global variables defined by a theme/plugin should start with the theme/plugin prefix. Found: &quot;$viol_page_num&quot;.
includes/admin/views/page-csp-dashboard.php,1104,48,WARNING,WordPress.Security.NonceVerification.Recommended,Processing form data without nonce verification.
includes/admin/views/page-csp-dashboard.php,1104,69,WARNING,WordPress.Security.NonceVerification.Recommended,Processing form data without nonce verification.
includes/admin/views/page-csp-dashboard.php,1104,69,WARNING,WordPress.Security.ValidatedSanitizedInput.MissingUnslash,$_GET[&#039;v_paged&#039;] not unslashed before sanitization. Use wp_unslash() or similar
includes/admin/views/page-csp-dashboard.php,1104,69,WARNING,WordPress.Security.ValidatedSanitizedInput.InputNotSanitized,Detected usage of a non-sanitized input variable: $_GET[&#039;v_paged&#039;]
includes/admin/views/page-csp-dashboard.php,1105,9,WARNING,WordPress.NamingConventions.PrefixAllGlobals.NonPrefixedVariableFound,Global variables defined by a theme/plugin should start with the theme/plugin prefix. Found: &quot;$viol_offset&quot;.
includes/admin/views/page-csp-dashboard.php,1107,9,WARNING,WordPress.NamingConventions.PrefixAllGlobals.NonPrefixedVariableFound,Global variables defined by a theme/plugin should start with the theme/plugin prefix. Found: &quot;$viol_data_args&quot;.
includes/admin/views/page-csp-dashboard.php,1108,9,WARNING,WordPress.NamingConventions.PrefixAllGlobals.NonPrefixedVariableFound,Global variables defined by a theme/plugin should start with the theme/plugin prefix. Found: &quot;$viol_data_sql&quot;.
includes/admin/views/page-csp-dashboard.php,1110,9,WARNING,WordPress.NamingConventions.PrefixAllGlobals.NonPrefixedVariableFound,Global variables defined by a theme/plugin should start with the theme/plugin prefix. Found: &quot;$viol_data_sql&quot;.
includes/admin/views/page-csp-dashboard.php,1112,9,WARNING,WordPress.NamingConventions.PrefixAllGlobals.NonPrefixedVariableFound,Global variables defined by a theme/plugin should start with the theme/plugin prefix. Found: &quot;$violations_raw&quot;.
includes/admin/views/page-csp-dashboard.php,1112,27,WARNING,WordPress.DB.DirectDatabaseQuery.NoCaching,Direct database call without caching detected. Consider using wp_cache_get() / wp_cache_set() or wp_cache_delete().
includes/admin/views/page-csp-dashboard.php,1112,28,WARNING,PluginCheck.Security.DirectDB.UnescapedDBParameter,Unescaped parameter $viol_data_sql used in $wpdb-&gt;get_results()\n$viol_data_sql assigned unsafely at line 1110.
includes/admin/views/page-csp-dashboard.php,1113,9,WARNING,WordPress.NamingConventions.PrefixAllGlobals.NonPrefixedVariableFound,Global variables defined by a theme/plugin should start with the theme/plugin prefix. Found: &quot;$violations&quot;.
includes/admin/views/page-csp-dashboard.php,1119,9,WARNING,WordPress.NamingConventions.PrefixAllGlobals.NonPrefixedVariableFound,Global variables defined by a theme/plugin should start with the theme/plugin prefix. Found: &quot;$viol_quick_ranges&quot;.
includes/admin/views/page-csp-dashboard.php,1127,49,WARNING,WordPress.NamingConventions.PrefixAllGlobals.NonPrefixedVariableFound,Global variables defined by a theme/plugin should start with the theme/plugin prefix. Found: &quot;$viol_range_hours_ago&quot;.
includes/admin/views/page-csp-dashboard.php,1127,72,WARNING,WordPress.NamingConventions.PrefixAllGlobals.NonPrefixedVariableFound,Global variables defined by a theme/plugin should start with the theme/plugin prefix. Found: &quot;$viol_range_label&quot;.
includes/admin/views/page-csp-dashboard.php,1129,13,WARNING,WordPress.NamingConventions.PrefixAllGlobals.NonPrefixedVariableFound,Global variables defined by a theme/plugin should start with the theme/plugin prefix. Found: &quot;$viol_range_from&quot;.
includes/admin/views/page-csp-dashboard.php,1130,13,WARNING,WordPress.NamingConventions.PrefixAllGlobals.NonPrefixedVariableFound,Global variables defined by a theme/plugin should start with the theme/plugin prefix. Found: &quot;$viol_range_url&quot;.
includes/admin/views/page-csp-dashboard.php,1197,40,WARNING,WordPress.NamingConventions.PrefixAllGlobals.NonPrefixedVariableFound,Global variables defined by a theme/plugin should start with the theme/plugin prefix. Found: &quot;$v&quot;.
includes/admin/views/page-csp-dashboard.php,1207,17,WARNING,WordPress.NamingConventions.PrefixAllGlobals.NonPrefixedVariableFound,Global variables defined by a theme/plugin should start with the theme/plugin prefix. Found: &quot;$meta_fields&quot;.
includes/admin/views/page-csp-dashboard.php,1209,21,WARNING,WordPress.NamingConventions.PrefixAllGlobals.NonPrefixedVariableFound,Global variables defined by a theme/plugin should start with the theme/plugin prefix. Found: &quot;$meta_fields&quot;.
includes/admin/views/page-csp-dashboard.php,1212,21,WARNING,WordPress.NamingConventions.PrefixAllGlobals.NonPrefixedVariableFound,Global variables defined by a theme/plugin should start with the theme/plugin prefix. Found: &quot;$meta_fields&quot;.
includes/admin/views/page-csp-dashboard.php,1214,21,WARNING,WordPress.NamingConventions.PrefixAllGlobals.NonPrefixedVariableFound,Global variables defined by a theme/plugin should start with the theme/plugin prefix. Found: &quot;$meta_fields&quot;.
includes/admin/views/page-csp-dashboard.php,1217,21,WARNING,WordPress.NamingConventions.PrefixAllGlobals.NonPrefixedVariableFound,Global variables defined by a theme/plugin should start with the theme/plugin prefix. Found: &quot;$meta_fields&quot;.
includes/admin/views/page-csp-dashboard.php,1220,21,WARNING,WordPress.NamingConventions.PrefixAllGlobals.NonPrefixedVariableFound,Global variables defined by a theme/plugin should start with the theme/plugin prefix. Found: &quot;$location&quot;.
includes/admin/views/page-csp-dashboard.php,1222,25,WARNING,WordPress.NamingConventions.PrefixAllGlobals.NonPrefixedVariableFound,Global variables defined by a theme/plugin should start with the theme/plugin prefix. Found: &quot;$location&quot;.
includes/admin/views/page-csp-dashboard.php,1224,29,WARNING,WordPress.NamingConventions.PrefixAllGlobals.NonPrefixedVariableFound,Global variables defined by a theme/plugin should start with the theme/plugin prefix. Found: &quot;$location&quot;.
includes/admin/views/page-csp-dashboard.php,1227,21,WARNING,WordPress.NamingConventions.PrefixAllGlobals.NonPrefixedVariableFound,Global variables defined by a theme/plugin should start with the theme/plugin prefix. Found: &quot;$meta_fields&quot;.
includes/admin/views/page-csp-dashboard.php,1230,21,WARNING,WordPress.NamingConventions.PrefixAllGlobals.NonPrefixedVariableFound,Global variables defined by a theme/plugin should start with the theme/plugin prefix. Found: &quot;$meta_fields&quot;.
includes/admin/views/page-csp-dashboard.php,1233,21,WARNING,WordPress.NamingConventions.PrefixAllGlobals.NonPrefixedVariableFound,Global variables defined by a theme/plugin should start with the theme/plugin prefix. Found: &quot;$meta_fields&quot;.
includes/admin/views/page-csp-dashboard.php,1236,21,WARNING,WordPress.NamingConventions.PrefixAllGlobals.NonPrefixedVariableFound,Global variables defined by a theme/plugin should start with the theme/plugin prefix. Found: &quot;$meta_fields&quot;.
includes/admin/views/page-csp-dashboard.php,1244,21,WARNING,WordPress.NamingConventions.PrefixAllGlobals.NonPrefixedVariableFound,Global variables defined by a theme/plugin should start with the theme/plugin prefix. Found: &quot;$meta_fields&quot;.
includes/admin/views/page-csp-dashboard.php,1247,17,WARNING,WordPress.NamingConventions.PrefixAllGlobals.NonPrefixedVariableFound,Global variables defined by a theme/plugin should start with the theme/plugin prefix. Found: &quot;$has_meta&quot;.
includes/admin/views/page-csp-dashboard.php,1252,57,WARNING,WordPress.NamingConventions.PrefixAllGlobals.NonPrefixedVariableFound,Global variables defined by a theme/plugin should start with the theme/plugin prefix. Found: &quot;$meta_label&quot;.
includes/admin/views/page-csp-dashboard.php,1252,72,WARNING,WordPress.NamingConventions.PrefixAllGlobals.NonPrefixedVariableFound,Global variables defined by a theme/plugin should start with the theme/plugin prefix. Found: &quot;$meta_value&quot;.
includes/admin/views/page-csp-dashboard.php,1289,9,WARNING,WordPress.NamingConventions.PrefixAllGlobals.NonPrefixedVariableFound,Global variables defined by a theme/plugin should start with the theme/plugin prefix. Found: &quot;$scan_logs_raw&quot;.
includes/admin/views/page-csp-dashboard.php,1289,26,WARNING,WordPress.DB.DirectDatabaseQuery.NoCaching,Direct database call without caching detected. Consider using wp_cache_get() / wp_cache_set() or wp_cache_delete().
includes/admin/views/page-csp-dashboard.php,1290,9,WARNING,WordPress.NamingConventions.PrefixAllGlobals.NonPrefixedVariableFound,Global variables defined by a theme/plugin should start with the theme/plugin prefix. Found: &quot;$scan_logs&quot;.
includes/admin/views/page-csp-dashboard.php,1305,39,WARNING,WordPress.NamingConventions.PrefixAllGlobals.NonPrefixedVariableFound,Global variables defined by a theme/plugin should start with the theme/plugin prefix. Found: &quot;$log&quot;.
includes/admin/views/page-csp-dashboard.php,1307,13,WARNING,WordPress.NamingConventions.PrefixAllGlobals.NonPrefixedVariableFound,Global variables defined by a theme/plugin should start with the theme/plugin prefix. Found: &quot;$duration&quot;.
includes/admin/views/page-csp-dashboard.php,1309,17,WARNING,WordPress.NamingConventions.PrefixAllGlobals.NonPrefixedVariableFound,Global variables defined by a theme/plugin should start with the theme/plugin prefix. Found: &quot;$diff&quot;.
includes/admin/views/page-csp-dashboard.php,1310,17,WARNING,WordPress.NamingConventions.PrefixAllGlobals.NonPrefixedVariableFound,Global variables defined by a theme/plugin should start with the theme/plugin prefix. Found: &quot;$duration&quot;.
includes/admin/views/page-csp-dashboard.php,1332,9,WARNING,WordPress.NamingConventions.PrefixAllGlobals.NonPrefixedVariableFound,Global variables defined by a theme/plugin should start with the theme/plugin prefix. Found: &quot;$learning_window&quot;.
includes/admin/views/page-csp-dashboard.php,1333,9,WARNING,WordPress.NamingConventions.PrefixAllGlobals.NonPrefixedVariableFound,Global variables defined by a theme/plugin should start with the theme/plugin prefix. Found: &quot;$learning_status&quot;.
includes/admin/views/page-csp-dashboard.php,1334,9,WARNING,WordPress.NamingConventions.PrefixAllGlobals.NonPrefixedVariableFound,Global variables defined by a theme/plugin should start with the theme/plugin prefix. Found: &quot;$current_report_endpoint&quot;.
includes/admin/views/page-csp-dashboard.php,1335,9,WARNING,WordPress.NamingConventions.PrefixAllGlobals.NonPrefixedVariableFound,Global variables defined by a theme/plugin should start with the theme/plugin prefix. Found: &quot;$configured_report_endpoint&quot;.
includes/admin/views/page-csp-dashboard.php,1336,9,WARNING,WordPress.NamingConventions.PrefixAllGlobals.NonPrefixedVariableFound,Global variables defined by a theme/plugin should start with the theme/plugin prefix. Found: &quot;$configured_policy_header&quot;.
includes/admin/views/page-csp-dashboard.php,1337,9,WARNING,WordPress.NamingConventions.PrefixAllGlobals.NonPrefixedVariableFound,Global variables defined by a theme/plugin should start with the theme/plugin prefix. Found: &quot;$reporting_transport&quot;.
includes/admin/views/page-csp-dashboard.php,1338,9,WARNING,WordPress.NamingConventions.PrefixAllGlobals.NonPrefixedVariableFound,Global variables defined by a theme/plugin should start with the theme/plugin prefix. Found: &quot;$settings_automation_config&quot;.
includes/admin/views/page-csp-dashboard.php,1339,9,WARNING,WordPress.NamingConventions.PrefixAllGlobals.NonPrefixedVariableFound,Global variables defined by a theme/plugin should start with the theme/plugin prefix. Found: &quot;$automation_mode_labels&quot;.
includes/admin/views/page-csp-dashboard.php,1340,9,WARNING,WordPress.NamingConventions.PrefixAllGlobals.NonPrefixedVariableFound,Global variables defined by a theme/plugin should start with the theme/plugin prefix. Found: &quot;$automation_directives&quot;.
includes/admin/views/page-csp-dashboard.php,1341,9,WARNING,WordPress.NamingConventions.PrefixAllGlobals.NonPrefixedVariableFound,Global variables defined by a theme/plugin should start with the theme/plugin prefix. Found: &quot;$automation_schemes&quot;.
includes/admin/views/page-csp-dashboard.php,1400,42,WARNING,WordPress.NamingConventions.PrefixAllGlobals.NonPrefixedVariableFound,Global variables defined by a theme/plugin should start with the theme/plugin prefix. Found: &quot;$surface&quot;.
includes/admin/views/page-csp-dashboard.php,1401,23,WARNING,WordPress.NamingConventions.PrefixAllGlobals.NonPrefixedVariableFound,Global variables defined by a theme/plugin should start with the theme/plugin prefix. Found: &quot;$surface_config&quot;.
includes/admin/views/page-csp-dashboard.php,1406,81,WARNING,WordPress.NamingConventions.PrefixAllGlobals.NonPrefixedVariableFound,Global variables defined by a theme/plugin should start with the theme/plugin prefix. Found: &quot;$label&quot;.
includes/admin/views/page-csp-dashboard.php,1423,67,WARNING,WordPress.NamingConventions.PrefixAllGlobals.NonPrefixedVariableFound,Global variables defined by a theme/plugin should start with the theme/plugin prefix. Found: &quot;$directive&quot;.
includes/admin/views/page-csp-dashboard.php,1432,64,WARNING,WordPress.NamingConventions.PrefixAllGlobals.NonPrefixedVariableFound,Global variables defined by a theme/plugin should start with the theme/plugin prefix. Found: &quot;$scheme&quot;.
includes/admin/views/partials/scripts-external.php,21,1,WARNING,WordPress.NamingConventions.PrefixAllGlobals.NonPrefixedVariableFound,Global variables defined by a theme/plugin should start with the theme/plugin prefix. Found: &quot;$profiles_raw&quot;.
includes/admin/views/partials/scripts-external.php,21,17,WARNING,WordPress.DB.DirectDatabaseQuery.DirectQuery,Use of a direct database call is discouraged.
includes/admin/views/partials/scripts-external.php,21,17,WARNING,WordPress.DB.DirectDatabaseQuery.NoCaching,Direct database call without caching detected. Consider using wp_cache_get() / wp_cache_set() or wp_cache_delete().
includes/admin/views/partials/scripts-external.php,30,1,WARNING,WordPress.NamingConventions.PrefixAllGlobals.NonPrefixedVariableFound,Global variables defined by a theme/plugin should start with the theme/plugin prefix. Found: &quot;$state_by_surface&quot;.
includes/admin/views/partials/scripts-external.php,31,65,WARNING,WordPress.NamingConventions.PrefixAllGlobals.NonPrefixedVariableFound,Global variables defined by a theme/plugin should start with the theme/plugin prefix. Found: &quot;$row&quot;.
includes/admin/views/partials/scripts-external.php,32,5,WARNING,WordPress.NamingConventions.PrefixAllGlobals.NonPrefixedVariableFound,Global variables defined by a theme/plugin should start with the theme/plugin prefix. Found: &quot;$state_by_surface&quot;.
includes/admin/views/partials/scripts-external.php,39,1,WARNING,WordPress.NamingConventions.PrefixAllGlobals.NonPrefixedVariableFound,Global variables defined by a theme/plugin should start with the theme/plugin prefix. Found: &quot;$ext_surface&quot;.
includes/admin/views/partials/scripts-external.php,40,1,WARNING,WordPress.NamingConventions.PrefixAllGlobals.NonPrefixedVariableFound,Global variables defined by a theme/plugin should start with the theme/plugin prefix. Found: &quot;$ext_type&quot;.
includes/admin/views/partials/scripts-external.php,41,1,WARNING,WordPress.NamingConventions.PrefixAllGlobals.NonPrefixedVariableFound,Global variables defined by a theme/plugin should start with the theme/plugin prefix. Found: &quot;$ext_classification&quot;.
includes/admin/views/partials/scripts-external.php,42,1,WARNING,WordPress.NamingConventions.PrefixAllGlobals.NonPrefixedVariableFound,Global variables defined by a theme/plugin should start with the theme/plugin prefix. Found: &quot;$ext_origin&quot;.
includes/admin/views/partials/scripts-external.php,44,1,WARNING,WordPress.NamingConventions.PrefixAllGlobals.NonPrefixedVariableFound,Global variables defined by a theme/plugin should start with the theme/plugin prefix. Found: &quot;$ext_where&quot;.
includes/admin/views/partials/scripts-external.php,45,1,WARNING,WordPress.NamingConventions.PrefixAllGlobals.NonPrefixedVariableFound,Global variables defined by a theme/plugin should start with the theme/plugin prefix. Found: &quot;$ext_args&quot;.
includes/admin/views/partials/scripts-external.php,52,10,WARNING,WordPress.NamingConventions.PrefixAllGlobals.NonPrefixedVariableFound,Global variables defined by a theme/plugin should start with the theme/plugin prefix. Found: &quot;$fragment&quot;.
includes/admin/views/partials/scripts-external.php,55,9,WARNING,WordPress.NamingConventions.PrefixAllGlobals.NonPrefixedVariableFound,Global variables defined by a theme/plugin should start with the theme/plugin prefix. Found: &quot;$ext_where&quot;.
includes/admin/views/partials/scripts-external.php,56,9,WARNING,WordPress.NamingConventions.PrefixAllGlobals.NonPrefixedVariableFound,Global variables defined by a theme/plugin should start with the theme/plugin prefix. Found: &quot;$ext_args&quot;.
includes/admin/views/partials/scripts-external.php,60,1,WARNING,WordPress.NamingConventions.PrefixAllGlobals.NonPrefixedVariableFound,Global variables defined by a theme/plugin should start with the theme/plugin prefix. Found: &quot;$ext_sort_whitelist&quot;.
includes/admin/views/partials/scripts-external.php,74,1,WARNING,WordPress.NamingConventions.PrefixAllGlobals.NonPrefixedVariableFound,Global variables defined by a theme/plugin should start with the theme/plugin prefix. Found: &quot;$ext_sort&quot;.
includes/admin/views/partials/scripts-external.php,77,9,WARNING,WordPress.Security.NonceVerification.Recommended,Processing form data without nonce verification.
includes/admin/views/partials/scripts-external.php,77,64,WARNING,WordPress.Security.NonceVerification.Recommended,Processing form data without nonce verification.
includes/admin/views/partials/scripts-external.php,78,9,WARNING,WordPress.Security.NonceVerification.Recommended,Processing form data without nonce verification.
includes/admin/views/partials/scripts-external.php,78,63,WARNING,WordPress.Security.NonceVerification.Recommended,Processing form data without nonce verification.
includes/admin/views/partials/scripts-external.php,81,1,WARNING,WordPress.NamingConventions.PrefixAllGlobals.NonPrefixedVariableFound,Global variables defined by a theme/plugin should start with the theme/plugin prefix. Found: &quot;$ext_per_page&quot;.
includes/admin/views/partials/scripts-external.php,82,1,WARNING,WordPress.NamingConventions.PrefixAllGlobals.NonPrefixedVariableFound,Global variables defined by a theme/plugin should start with the theme/plugin prefix. Found: &quot;$ext_page_num&quot;.
includes/admin/views/partials/scripts-external.php,82,33,WARNING,WordPress.Security.NonceVerification.Recommended,Processing form data without nonce verification.
includes/admin/views/partials/scripts-external.php,82,33,WARNING,WordPress.Security.ValidatedSanitizedInput.MissingUnslash,$_GET[&#039;ext_paged&#039;] not unslashed before sanitization. Use wp_unslash() or similar
includes/admin/views/partials/scripts-external.php,82,33,WARNING,WordPress.Security.ValidatedSanitizedInput.InputNotSanitized,Detected usage of a non-sanitized input variable: $_GET[&#039;ext_paged&#039;]
includes/admin/views/partials/scripts-external.php,83,1,WARNING,WordPress.NamingConventions.PrefixAllGlobals.NonPrefixedVariableFound,Global variables defined by a theme/plugin should start with the theme/plugin prefix. Found: &quot;$ext_offset&quot;.
includes/admin/views/partials/scripts-external.php,85,1,WARNING,WordPress.NamingConventions.PrefixAllGlobals.NonPrefixedVariableFound,Global variables defined by a theme/plugin should start with the theme/plugin prefix. Found: &quot;$ext_table&quot;.
includes/admin/views/partials/scripts-external.php,86,1,WARNING,WordPress.NamingConventions.PrefixAllGlobals.NonPrefixedVariableFound,Global variables defined by a theme/plugin should start with the theme/plugin prefix. Found: &quot;$ext_where_sql&quot;.
includes/admin/views/partials/scripts-external.php,88,1,WARNING,WordPress.NamingConventions.PrefixAllGlobals.NonPrefixedVariableFound,Global variables defined by a theme/plugin should start with the theme/plugin prefix. Found: &quot;$ext_count_sql&quot;.
includes/admin/views/partials/scripts-external.php,91,5,WARNING,WordPress.NamingConventions.PrefixAllGlobals.NonPrefixedVariableFound,Global variables defined by a theme/plugin should start with the theme/plugin prefix. Found: &quot;$ext_count_sql&quot;.
includes/admin/views/partials/scripts-external.php,94,1,WARNING,WordPress.NamingConventions.PrefixAllGlobals.NonPrefixedVariableFound,Global variables defined by a theme/plugin should start with the theme/plugin prefix. Found: &quot;$ext_total&quot;.
includes/admin/views/partials/scripts-external.php,94,20,WARNING,WordPress.DB.DirectDatabaseQuery.NoCaching,Direct database call without caching detected. Consider using wp_cache_get() / wp_cache_set() or wp_cache_delete().
includes/admin/views/partials/scripts-external.php,94,27,WARNING,PluginCheck.Security.DirectDB.UnescapedDBParameter,Unescaped parameter $ext_count_sql used in $wpdb-&gt;get_var()\n$ext_count_sql assigned unsafely at line 91.
includes/admin/views/partials/scripts-external.php,95,1,WARNING,WordPress.NamingConventions.PrefixAllGlobals.NonPrefixedVariableFound,Global variables defined by a theme/plugin should start with the theme/plugin prefix. Found: &quot;$ext_pages&quot;.
includes/admin/views/partials/scripts-external.php,97,1,WARNING,WordPress.NamingConventions.PrefixAllGlobals.NonPrefixedVariableFound,Global variables defined by a theme/plugin should start with the theme/plugin prefix. Found: &quot;$ext_data_args&quot;.
includes/admin/views/partials/scripts-external.php,98,1,WARNING,WordPress.NamingConventions.PrefixAllGlobals.NonPrefixedVariableFound,Global variables defined by a theme/plugin should start with the theme/plugin prefix. Found: &quot;$ext_data_sql&quot;.
includes/admin/views/partials/scripts-external.php,100,1,WARNING,WordPress.NamingConventions.PrefixAllGlobals.NonPrefixedVariableFound,Global variables defined by a theme/plugin should start with the theme/plugin prefix. Found: &quot;$ext_data_sql&quot;.
includes/admin/views/partials/scripts-external.php,102,1,WARNING,WordPress.NamingConventions.PrefixAllGlobals.NonPrefixedVariableFound,Global variables defined by a theme/plugin should start with the theme/plugin prefix. Found: &quot;$inventory_raw&quot;.
includes/admin/views/partials/scripts-external.php,102,25,WARNING,PluginCheck.Security.DirectDB.UnescapedDBParameter,Unescaped parameter $ext_data_sql used in $wpdb-&gt;get_results()\n$ext_data_sql assigned unsafely at line 100.
includes/admin/views/partials/scripts-external.php,103,1,WARNING,WordPress.NamingConventions.PrefixAllGlobals.NonPrefixedVariableFound,Global variables defined by a theme/plugin should start with the theme/plugin prefix. Found: &quot;$inventory&quot;.
includes/admin/views/partials/scripts-external.php,105,1,WARNING,WordPress.NamingConventions.PrefixAllGlobals.NonPrefixedVariableFound,Global variables defined by a theme/plugin should start with the theme/plugin prefix. Found: &quot;$ext_state_args&quot;.
includes/admin/views/partials/scripts-external.php,117,1,WARNING,WordPress.NamingConventions.PrefixAllGlobals.NonPrefixedVariableFound,Global variables defined by a theme/plugin should start with the theme/plugin prefix. Found: &quot;$ext_base_url&quot;.
includes/admin/views/partials/scripts-external.php,122,1,WARNING,WordPress.NamingConventions.PrefixAllGlobals.NonPrefixedVariableFound,Global variables defined by a theme/plugin should start with the theme/plugin prefix. Found: &quot;$classification_labels&quot;.
includes/admin/views/partials/scripts-external.php,148,38,WARNING,WordPress.NamingConventions.PrefixAllGlobals.NonPrefixedVariableFound,Global variables defined by a theme/plugin should start with the theme/plugin prefix. Found: &quot;$surface&quot;.
includes/admin/views/partials/scripts-external.php,150,13,WARNING,WordPress.NamingConventions.PrefixAllGlobals.NonPrefixedVariableFound,Global variables defined by a theme/plugin should start with the theme/plugin prefix. Found: &quot;$current&quot;.
includes/admin/views/partials/scripts-external.php,204,59,WARNING,WordPress.NamingConventions.PrefixAllGlobals.NonPrefixedVariableFound,Global variables defined by a theme/plugin should start with the theme/plugin prefix. Found: &quot;$value&quot;.
includes/admin/views/partials/scripts-external.php,204,69,WARNING,WordPress.NamingConventions.PrefixAllGlobals.NonPrefixedVariableFound,Global variables defined by a theme/plugin should start with the theme/plugin prefix. Found: &quot;$label&quot;.
includes/admin/views/partials/scripts-external.php,230,39,WARNING,WordPress.NamingConventions.PrefixAllGlobals.NonPrefixedVariableFound,Global variables defined by a theme/plugin should start with the theme/plugin prefix. Found: &quot;$item&quot;.
includes/admin/views/partials/scripts-external.php,249,67,WARNING,WordPress.NamingConventions.PrefixAllGlobals.NonPrefixedVariableFound,Global variables defined by a theme/plugin should start with the theme/plugin prefix. Found: &quot;$value&quot;.
includes/admin/views/partials/scripts-external.php,249,77,WARNING,WordPress.NamingConventions.PrefixAllGlobals.NonPrefixedVariableFound,Global variables defined by a theme/plugin should start with the theme/plugin prefix. Found: &quot;$label&quot;.
includes/admin/views/page-overview.php,26,24,WARNING,WordPress.Security.NonceVerification.Recommended,Processing form data without nonce verification.
includes/admin/views/page-overview.php,26,74,WARNING,WordPress.Security.NonceVerification.Recommended,Processing form data without nonce verification.
includes/admin/views/page-overview.php,27,1,WARNING,WordPress.NamingConventions.PrefixAllGlobals.NonPrefixedVariableFound,Global variables defined by a theme/plugin should start with the theme/plugin prefix. Found: &quot;$allowed_tabs&quot;.
includes/admin/views/page-overview.php,32,1,WARNING,WordPress.NamingConventions.PrefixAllGlobals.NonPrefixedVariableFound,Global variables defined by a theme/plugin should start with the theme/plugin prefix. Found: &quot;$base_url&quot;.
includes/admin/views/page-overview.php,33,1,WARNING,WordPress.NamingConventions.PrefixAllGlobals.NonPrefixedVariableFound,Global variables defined by a theme/plugin should start with the theme/plugin prefix. Found: &quot;$tab_help&quot;.
includes/admin/views/page-overview.php,56,1,WARNING,WordPress.NamingConventions.PrefixAllGlobals.NonPrefixedVariableFound,Global variables defined by a theme/plugin should start with the theme/plugin prefix. Found: &quot;$surfaces&quot;.
includes/admin/views/page-overview.php,59,1,WARNING,WordPress.NamingConventions.PrefixAllGlobals.NonPrefixedVariableFound,Global variables defined by a theme/plugin should start with the theme/plugin prefix. Found: &quot;$profiles_raw&quot;.
includes/admin/views/page-overview.php,60,1,WARNING,WordPress.NamingConventions.PrefixAllGlobals.NonPrefixedVariableFound,Global variables defined by a theme/plugin should start with the theme/plugin prefix. Found: &quot;$modes_by_surface&quot;.
includes/admin/views/page-overview.php,61,65,WARNING,WordPress.NamingConventions.PrefixAllGlobals.NonPrefixedVariableFound,Global variables defined by a theme/plugin should start with the theme/plugin prefix. Found: &quot;$row&quot;.
includes/admin/views/page-overview.php,62,5,WARNING,WordPress.NamingConventions.PrefixAllGlobals.NonPrefixedVariableFound,Global variables defined by a theme/plugin should start with the theme/plugin prefix. Found: &quot;$modes_by_surface&quot;.
includes/admin/views/page-overview.php,66,1,WARNING,WordPress.NamingConventions.PrefixAllGlobals.NonPrefixedVariableFound,Global variables defined by a theme/plugin should start with the theme/plugin prefix. Found: &quot;$pillar_profiles_raw&quot;.
includes/admin/views/page-overview.php,67,1,WARNING,WordPress.NamingConventions.PrefixAllGlobals.NonPrefixedVariableFound,Global variables defined by a theme/plugin should start with the theme/plugin prefix. Found: &quot;$enabled_by_pillar&quot;.
includes/admin/views/page-overview.php,68,79,WARNING,WordPress.NamingConventions.PrefixAllGlobals.NonPrefixedVariableFound,Global variables defined by a theme/plugin should start with the theme/plugin prefix. Found: &quot;$row&quot;.
includes/admin/views/page-overview.php,69,5,WARNING,WordPress.NamingConventions.PrefixAllGlobals.NonPrefixedVariableFound,Global variables defined by a theme/plugin should start with the theme/plugin prefix. Found: &quot;$enabled_by_pillar&quot;.
includes/admin/views/page-overview.php,72,1,WARNING,WordPress.NamingConventions.PrefixAllGlobals.NonPrefixedVariableFound,Global variables defined by a theme/plugin should start with the theme/plugin prefix. Found: &quot;$simple_pillars&quot;.
includes/admin/views/page-overview.php,138,1,WARNING,WordPress.NamingConventions.PrefixAllGlobals.NonPrefixedVariableFound,Global variables defined by a theme/plugin should start with the theme/plugin prefix. Found: &quot;$reset_result&quot;.
includes/admin/views/page-overview.php,138,56,WARNING,WordPress.Security.NonceVerification.Recommended,Processing form data without nonce verification.
includes/admin/views/page-overview.php,139,1,WARNING,WordPress.NamingConventions.PrefixAllGlobals.NonPrefixedVariableFound,Global variables defined by a theme/plugin should start with the theme/plugin prefix. Found: &quot;$restore_result&quot;.
includes/admin/views/page-overview.php,139,56,WARNING,WordPress.Security.NonceVerification.Recommended,Processing form data without nonce verification.
includes/admin/views/page-overview.php,140,1,WARNING,WordPress.NamingConventions.PrefixAllGlobals.NonPrefixedVariableFound,Global variables defined by a theme/plugin should start with the theme/plugin prefix. Found: &quot;$restore_reason&quot;.
includes/admin/views/page-overview.php,140,70,WARNING,WordPress.Security.NonceVerification.Recommended,Processing form data without nonce verification.
includes/admin/views/page-overview.php,141,1,WARNING,WordPress.NamingConventions.PrefixAllGlobals.NonPrefixedVariableFound,Global variables defined by a theme/plugin should start with the theme/plugin prefix. Found: &quot;$import_result&quot;.
includes/admin/views/page-overview.php,141,56,WARNING,WordPress.Security.NonceVerification.Recommended,Processing form data without nonce verification.
includes/admin/views/page-overview.php,142,1,WARNING,WordPress.NamingConventions.PrefixAllGlobals.NonPrefixedVariableFound,Global variables defined by a theme/plugin should start with the theme/plugin prefix. Found: &quot;$import_reason&quot;.
includes/admin/views/page-overview.php,142,70,WARNING,WordPress.Security.NonceVerification.Recommended,Processing form data without nonce verification.
includes/admin/views/page-overview.php,143,1,WARNING,WordPress.NamingConventions.PrefixAllGlobals.NonPrefixedVariableFound,Global variables defined by a theme/plugin should start with the theme/plugin prefix. Found: &quot;$downgrade_flag&quot;.
includes/admin/views/page-overview.php,144,1,WARNING,WordPress.NamingConventions.PrefixAllGlobals.NonPrefixedVariableFound,Global variables defined by a theme/plugin should start with the theme/plugin prefix. Found: &quot;$rollback_snapshots&quot;.
includes/admin/views/page-overview.php,145,1,WARNING,WordPress.NamingConventions.PrefixAllGlobals.NonPrefixedVariableFound,Global variables defined by a theme/plugin should start with the theme/plugin prefix. Found: &quot;$status_badge&quot;.
includes/admin/views/page-overview.php,165,38,WARNING,WordPress.NamingConventions.PrefixAllGlobals.NonPrefixedVariableFound,Global variables defined by a theme/plugin should start with the theme/plugin prefix. Found: &quot;$tab_key&quot;.
includes/admin/views/page-overview.php,165,50,WARNING,WordPress.NamingConventions.PrefixAllGlobals.NonPrefixedVariableFound,Global variables defined by a theme/plugin should start with the theme/plugin prefix. Found: &quot;$tab_data&quot;.
includes/admin/views/page-overview.php,200,50,WARNING,WordPress.NamingConventions.PrefixAllGlobals.NonPrefixedVariableFound,Global variables defined by a theme/plugin should start with the theme/plugin prefix. Found: &quot;$surface&quot;.
includes/admin/views/page-overview.php,213,48,WARNING,WordPress.NamingConventions.PrefixAllGlobals.NonPrefixedVariableFound,Global variables defined by a theme/plugin should start with the theme/plugin prefix. Found: &quot;$pillar_key&quot;.
includes/admin/views/page-overview.php,213,63,WARNING,WordPress.NamingConventions.PrefixAllGlobals.NonPrefixedVariableFound,Global variables defined by a theme/plugin should start with the theme/plugin prefix. Found: &quot;$pillar&quot;.
includes/admin/views/page-overview.php,219,54,WARNING,WordPress.NamingConventions.PrefixAllGlobals.NonPrefixedVariableFound,Global variables defined by a theme/plugin should start with the theme/plugin prefix. Found: &quot;$surface&quot;.
includes/admin/views/page-overview.php,220,35,WARNING,WordPress.NamingConventions.PrefixAllGlobals.NonPrefixedVariableFound,Global variables defined by a theme/plugin should start with the theme/plugin prefix. Found: &quot;$on&quot;.
includes/admin/views/page-overview.php,262,53,WARNING,WordPress.NamingConventions.PrefixAllGlobals.NonPrefixedVariableFound,Global variables defined by a theme/plugin should start with the theme/plugin prefix. Found: &quot;$item&quot;.
includes/admin/views/page-overview.php,282,53,WARNING,WordPress.NamingConventions.PrefixAllGlobals.NonPrefixedVariableFound,Global variables defined by a theme/plugin should start with the theme/plugin prefix. Found: &quot;$item&quot;.
includes/admin/views/page-overview.php,308,53,WARNING,WordPress.NamingConventions.PrefixAllGlobals.NonPrefixedVariableFound,Global variables defined by a theme/plugin should start with the theme/plugin prefix. Found: &quot;$item&quot;.
includes/admin/views/page-overview.php,413,52,WARNING,WordPress.NamingConventions.PrefixAllGlobals.NonPrefixedVariableFound,Global variables defined by a theme/plugin should start with the theme/plugin prefix. Found: &quot;$snapshot&quot;.
includes/admin/views/page-overview.php,526,9,WARNING,WordPress.NamingConventions.PrefixAllGlobals.NonPrefixedVariableFound,Global variables defined by a theme/plugin should start with the theme/plugin prefix. Found: &quot;$is_github_channel&quot;.
includes/admin/views/page-overview.php,561,9,WARNING,WordPress.NamingConventions.PrefixAllGlobals.NonPrefixedVariableFound,Global variables defined by a theme/plugin should start with the theme/plugin prefix. Found: &quot;$updates_diagnostics&quot;.
includes/admin/views/page-overview.php,562,9,WARNING,WordPress.NamingConventions.PrefixAllGlobals.NonPrefixedVariableFound,Global variables defined by a theme/plugin should start with the theme/plugin prefix. Found: &quot;$updates_diagnostics&quot;.
includes/admin/views/page-overview.php,564,9,WARNING,WordPress.NamingConventions.PrefixAllGlobals.NonPrefixedVariableFound,Global variables defined by a theme/plugin should start with the theme/plugin prefix. Found: &quot;$updates_check_result_labels&quot;.
includes/admin/views/page-overview.php,569,9,WARNING,WordPress.NamingConventions.PrefixAllGlobals.NonPrefixedVariableFound,Global variables defined by a theme/plugin should start with the theme/plugin prefix. Found: &quot;$updates_checksum_result_labels&quot;.
includes/admin/views/page-overview.php,574,9,WARNING,WordPress.NamingConventions.PrefixAllGlobals.NonPrefixedVariableFound,Global variables defined by a theme/plugin should start with the theme/plugin prefix. Found: &quot;$updates_applied_result_labels&quot;.
includes/admin/views/page-overview.php,579,9,WARNING,WordPress.NamingConventions.PrefixAllGlobals.NonPrefixedVariableFound,Global variables defined by a theme/plugin should start with the theme/plugin prefix. Found: &quot;$updates_never&quot;.
includes/admin/views/page-overview.php,580,9,WARNING,WordPress.NamingConventions.PrefixAllGlobals.NonPrefixedVariableFound,Global variables defined by a theme/plugin should start with the theme/plugin prefix. Found: &quot;$updates_none_recorded&quot;.
includes/admin/views/page-overview.php,581,9,WARNING,WordPress.NamingConventions.PrefixAllGlobals.NonPrefixedVariableFound,Global variables defined by a theme/plugin should start with the theme/plugin prefix. Found: &quot;$updates_not_yet_attempted&quot;.
includes/admin/views/page-overview.php,582,9,WARNING,WordPress.NamingConventions.PrefixAllGlobals.NonPrefixedVariableFound,Global variables defined by a theme/plugin should start with the theme/plugin prefix. Found: &quot;$updates_no_update_applied&quot;.
includes/admin/views/page-overview.php,584,9,WARNING,WordPress.NamingConventions.PrefixAllGlobals.NonPrefixedVariableFound,Global variables defined by a theme/plugin should start with the theme/plugin prefix. Found: &quot;$updates_kill_switch_defined&quot;.
includes/admin/views/page-overview.php,585,9,WARNING,WordPress.NamingConventions.PrefixAllGlobals.NonPrefixedVariableFound,Global variables defined by a theme/plugin should start with the theme/plugin prefix. Found: &quot;$updates_kill_switch_engaged&quot;.
includes/admin/views/page-overview.php,587,9,WARNING,WordPress.NamingConventions.PrefixAllGlobals.NonPrefixedVariableFound,Global variables defined by a theme/plugin should start with the theme/plugin prefix. Found: &quot;$updates_available_version&quot;.
includes/admin/views/page-overview.php,588,9,WARNING,WordPress.NamingConventions.PrefixAllGlobals.NonPrefixedVariableFound,Global variables defined by a theme/plugin should start with the theme/plugin prefix. Found: &quot;$updates_pending&quot;.
includes/admin/views/page-cross-origin.php,38,1,WARNING,WordPress.NamingConventions.PrefixAllGlobals.NonPrefixedVariableFound,Global variables defined by a theme/plugin should start with the theme/plugin prefix. Found: &quot;$mode_options&quot;.
includes/admin/views/page-cross-origin.php,102,15,WARNING,WordPress.Security.NonceVerification.Recommended,Processing form data without nonce verification.
includes/admin/views/page-cross-origin.php,102,65,WARNING,WordPress.Security.NonceVerification.Recommended,Processing form data without nonce verification.
includes/admin/views/page-cross-origin.php,106,1,WARNING,WordPress.NamingConventions.PrefixAllGlobals.NonPrefixedVariableFound,Global variables defined by a theme/plugin should start with the theme/plugin prefix. Found: &quot;$active&quot;.
includes/admin/views/page-cross-origin.php,108,1,WARNING,WordPress.NamingConventions.PrefixAllGlobals.NonPrefixedVariableFound,Global variables defined by a theme/plugin should start with the theme/plugin prefix. Found: &quot;$base_url&quot;.
includes/admin/views/page-cross-origin.php,110,1,WARNING,WordPress.NamingConventions.PrefixAllGlobals.NonPrefixedVariableFound,Global variables defined by a theme/plugin should start with the theme/plugin prefix. Found: &quot;$surfaces&quot;.
includes/admin/views/page-cross-origin.php,112,1,WARNING,WordPress.NamingConventions.PrefixAllGlobals.NonPrefixedVariableFound,Global variables defined by a theme/plugin should start with the theme/plugin prefix. Found: &quot;$profiles_raw&quot;.
includes/admin/views/page-cross-origin.php,112,17,WARNING,WordPress.DB.DirectDatabaseQuery.DirectQuery,Use of a direct database call is discouraged.
includes/admin/views/page-cross-origin.php,112,17,WARNING,WordPress.DB.DirectDatabaseQuery.NoCaching,Direct database call without caching detected. Consider using wp_cache_get() / wp_cache_set() or wp_cache_delete().
includes/admin/views/page-cross-origin.php,121,1,WARNING,WordPress.NamingConventions.PrefixAllGlobals.NonPrefixedVariableFound,Global variables defined by a theme/plugin should start with the theme/plugin prefix. Found: &quot;$profiles_by_surface&quot;.
includes/admin/views/page-cross-origin.php,122,65,WARNING,WordPress.NamingConventions.PrefixAllGlobals.NonPrefixedVariableFound,Global variables defined by a theme/plugin should start with the theme/plugin prefix. Found: &quot;$row&quot;.
includes/admin/views/page-cross-origin.php,123,5,WARNING,WordPress.NamingConventions.PrefixAllGlobals.NonPrefixedVariableFound,Global variables defined by a theme/plugin should start with the theme/plugin prefix. Found: &quot;$payload&quot;.
includes/admin/views/page-cross-origin.php,124,5,WARNING,WordPress.NamingConventions.PrefixAllGlobals.NonPrefixedVariableFound,Global variables defined by a theme/plugin should start with the theme/plugin prefix. Found: &quot;$profiles_by_surface&quot;.
includes/admin/views/page-cross-origin.php,136,34,WARNING,WordPress.NamingConventions.PrefixAllGlobals.NonPrefixedVariableFound,Global variables defined by a theme/plugin should start with the theme/plugin prefix. Found: &quot;$tab_key&quot;.
includes/admin/views/page-cross-origin.php,136,46,WARNING,WordPress.NamingConventions.PrefixAllGlobals.NonPrefixedVariableFound,Global variables defined by a theme/plugin should start with the theme/plugin prefix. Found: &quot;$tab_data&quot;.
includes/admin/views/page-cross-origin.php,167,42,WARNING,WordPress.NamingConventions.PrefixAllGlobals.NonPrefixedVariableFound,Global variables defined by a theme/plugin should start with the theme/plugin prefix. Found: &quot;$surface&quot;.
includes/admin/views/page-cross-origin.php,169,17,WARNING,WordPress.NamingConventions.PrefixAllGlobals.NonPrefixedVariableFound,Global variables defined by a theme/plugin should start with the theme/plugin prefix. Found: &quot;$current&quot;.
includes/admin/views/page-cross-origin.php,184,66,WARNING,WordPress.NamingConventions.PrefixAllGlobals.NonPrefixedVariableFound,Global variables defined by a theme/plugin should start with the theme/plugin prefix. Found: &quot;$mode_value&quot;.
includes/admin/views/page-cross-origin.php,184,81,WARNING,WordPress.NamingConventions.PrefixAllGlobals.NonPrefixedVariableFound,Global variables defined by a theme/plugin should start with the theme/plugin prefix. Found: &quot;$mode_label&quot;.
includes/admin/views/page-cross-origin.php,208,73,WARNING,WordPress.NamingConventions.PrefixAllGlobals.NonPrefixedVariableFound,Global variables defined by a theme/plugin should start with the theme/plugin prefix. Found: &quot;$value&quot;.
includes/admin/views/page-cross-origin.php,208,83,WARNING,WordPress.NamingConventions.PrefixAllGlobals.NonPrefixedVariableFound,Global variables defined by a theme/plugin should start with the theme/plugin prefix. Found: &quot;$label&quot;.
includes/admin/views/page-cross-origin.php,237,9,WARNING,WordPress.NamingConventions.PrefixAllGlobals.NonPrefixedVariableFound,Global variables defined by a theme/plugin should start with the theme/plugin prefix. Found: &quot;$e_surface&quot;.
includes/admin/views/page-cross-origin.php,238,9,WARNING,WordPress.NamingConventions.PrefixAllGlobals.NonPrefixedVariableFound,Global variables defined by a theme/plugin should start with the theme/plugin prefix. Found: &quot;$e_type&quot;.
includes/admin/views/page-cross-origin.php,239,9,WARNING,WordPress.NamingConventions.PrefixAllGlobals.NonPrefixedVariableFound,Global variables defined by a theme/plugin should start with the theme/plugin prefix. Found: &quot;$e_occ_min&quot;.
includes/admin/views/page-cross-origin.php,240,9,WARNING,WordPress.NamingConventions.PrefixAllGlobals.NonPrefixedVariableFound,Global variables defined by a theme/plugin should start with the theme/plugin prefix. Found: &quot;$e_seen_from&quot;.
includes/admin/views/page-cross-origin.php,241,9,WARNING,WordPress.NamingConventions.PrefixAllGlobals.NonPrefixedVariableFound,Global variables defined by a theme/plugin should start with the theme/plugin prefix. Found: &quot;$e_seen_to&quot;.
includes/admin/views/page-cross-origin.php,243,9,WARNING,WordPress.NamingConventions.PrefixAllGlobals.NonPrefixedVariableFound,Global variables defined by a theme/plugin should start with the theme/plugin prefix. Found: &quot;$evid_where&quot;.
includes/admin/views/page-cross-origin.php,244,9,WARNING,WordPress.NamingConventions.PrefixAllGlobals.NonPrefixedVariableFound,Global variables defined by a theme/plugin should start with the theme/plugin prefix. Found: &quot;$evid_args&quot;.
includes/admin/views/page-cross-origin.php,251,14,WARNING,WordPress.NamingConventions.PrefixAllGlobals.NonPrefixedVariableFound,Global variables defined by a theme/plugin should start with the theme/plugin prefix. Found: &quot;$evid_fragment&quot;.
includes/admin/views/page-cross-origin.php,256,13,WARNING,WordPress.NamingConventions.PrefixAllGlobals.NonPrefixedVariableFound,Global variables defined by a theme/plugin should start with the theme/plugin prefix. Found: &quot;$evid_where&quot;.
includes/admin/views/page-cross-origin.php,259,9,WARNING,WordPress.NamingConventions.PrefixAllGlobals.NonPrefixedVariableFound,Global variables defined by a theme/plugin should start with the theme/plugin prefix. Found: &quot;$evid_where_sql&quot;.
includes/admin/views/page-cross-origin.php,261,9,WARNING,WordPress.NamingConventions.PrefixAllGlobals.NonPrefixedVariableFound,Global variables defined by a theme/plugin should start with the theme/plugin prefix. Found: &quot;$evid_sort_whitelist&quot;.
includes/admin/views/page-cross-origin.php,287,9,WARNING,WordPress.NamingConventions.PrefixAllGlobals.NonPrefixedVariableFound,Global variables defined by a theme/plugin should start with the theme/plugin prefix. Found: &quot;$evid_sort&quot;.
includes/admin/views/page-cross-origin.php,294,9,WARNING,WordPress.NamingConventions.PrefixAllGlobals.NonPrefixedVariableFound,Global variables defined by a theme/plugin should start with the theme/plugin prefix. Found: &quot;$evid_state_args&quot;.
includes/admin/views/page-cross-origin.php,307,9,WARNING,WordPress.NamingConventions.PrefixAllGlobals.NonPrefixedVariableFound,Global variables defined by a theme/plugin should start with the theme/plugin prefix. Found: &quot;$evid_count_sql&quot;.
includes/admin/views/page-cross-origin.php,309,9,WARNING,WordPress.NamingConventions.PrefixAllGlobals.NonPrefixedVariableFound,Global variables defined by a theme/plugin should start with the theme/plugin prefix. Found: &quot;$evid_count_sql&quot;.
includes/admin/views/page-cross-origin.php,311,9,WARNING,WordPress.NamingConventions.PrefixAllGlobals.NonPrefixedVariableFound,Global variables defined by a theme/plugin should start with the theme/plugin prefix. Found: &quot;$evid_total&quot;.
includes/admin/views/page-cross-origin.php,311,29,WARNING,WordPress.DB.DirectDatabaseQuery.NoCaching,Direct database call without caching detected. Consider using wp_cache_get() / wp_cache_set() or wp_cache_delete().
includes/admin/views/page-cross-origin.php,311,30,WARNING,PluginCheck.Security.DirectDB.UnescapedDBParameter,Unescaped parameter $evid_count_sql used in $wpdb-&gt;get_var()\n$evid_count_sql assigned unsafely at line 309.
includes/admin/views/page-cross-origin.php,313,9,WARNING,WordPress.NamingConventions.PrefixAllGlobals.NonPrefixedVariableFound,Global variables defined by a theme/plugin should start with the theme/plugin prefix. Found: &quot;$evid_pages&quot;.
includes/admin/views/page-cross-origin.php,314,9,WARNING,WordPress.NamingConventions.PrefixAllGlobals.NonPrefixedVariableFound,Global variables defined by a theme/plugin should start with the theme/plugin prefix. Found: &quot;$evid_page_num&quot;.
includes/admin/views/page-cross-origin.php,314,48,WARNING,WordPress.Security.NonceVerification.Recommended,Processing form data without nonce verification.
includes/admin/views/page-cross-origin.php,314,69,WARNING,WordPress.Security.NonceVerification.Recommended,Processing form data without nonce verification.
includes/admin/views/page-cross-origin.php,314,69,WARNING,WordPress.Security.ValidatedSanitizedInput.MissingUnslash,$_GET[&#039;e_paged&#039;] not unslashed before sanitization. Use wp_unslash() or similar
includes/admin/views/page-cross-origin.php,314,69,WARNING,WordPress.Security.ValidatedSanitizedInput.InputNotSanitized,Detected usage of a non-sanitized input variable: $_GET[&#039;e_paged&#039;]
includes/admin/views/page-cross-origin.php,315,9,WARNING,WordPress.NamingConventions.PrefixAllGlobals.NonPrefixedVariableFound,Global variables defined by a theme/plugin should start with the theme/plugin prefix. Found: &quot;$evid_offset&quot;.
includes/admin/views/page-cross-origin.php,317,9,WARNING,WordPress.NamingConventions.PrefixAllGlobals.NonPrefixedVariableFound,Global variables defined by a theme/plugin should start with the theme/plugin prefix. Found: &quot;$evid_data_args&quot;.
includes/admin/views/page-cross-origin.php,318,9,WARNING,WordPress.NamingConventions.PrefixAllGlobals.NonPrefixedVariableFound,Global variables defined by a theme/plugin should start with the theme/plugin prefix. Found: &quot;$evid_data_sql&quot;.
includes/admin/views/page-cross-origin.php,320,9,WARNING,WordPress.NamingConventions.PrefixAllGlobals.NonPrefixedVariableFound,Global variables defined by a theme/plugin should start with the theme/plugin prefix. Found: &quot;$evid_data_sql&quot;.
includes/admin/views/page-cross-origin.php,322,9,WARNING,WordPress.NamingConventions.PrefixAllGlobals.NonPrefixedVariableFound,Global variables defined by a theme/plugin should start with the theme/plugin prefix. Found: &quot;$evidence_raw&quot;.
includes/admin/views/page-cross-origin.php,322,25,WARNING,WordPress.DB.DirectDatabaseQuery.NoCaching,Direct database call without caching detected. Consider using wp_cache_get() / wp_cache_set() or wp_cache_delete().
includes/admin/views/page-cross-origin.php,322,26,WARNING,PluginCheck.Security.DirectDB.UnescapedDBParameter,Unescaped parameter $evid_data_sql used in $wpdb-&gt;get_results()\n$evid_data_sql assigned unsafely at line 320.
includes/admin/views/page-cross-origin.php,323,9,WARNING,WordPress.NamingConventions.PrefixAllGlobals.NonPrefixedVariableFound,Global variables defined by a theme/plugin should start with the theme/plugin prefix. Found: &quot;$evidence&quot;.
includes/admin/views/page-cross-origin.php,328,9,WARNING,WordPress.NamingConventions.PrefixAllGlobals.NonPrefixedVariableFound,Global variables defined by a theme/plugin should start with the theme/plugin prefix. Found: &quot;$evid_recent_count&quot;.
includes/admin/views/page-cross-origin.php,328,36,WARNING,WordPress.DB.DirectDatabaseQuery.NoCaching,Direct database call without caching detected. Consider using wp_cache_get() / wp_cache_set() or wp_cache_delete().
includes/admin/views/page-cross-origin.php,409,38,WARNING,WordPress.NamingConventions.PrefixAllGlobals.NonPrefixedVariableFound,Global variables defined by a theme/plugin should start with the theme/plugin prefix. Found: &quot;$e&quot;.
includes/admin/views/page-cross-origin.php,419,17,WARNING,WordPress.NamingConventions.PrefixAllGlobals.NonPrefixedVariableFound,Global variables defined by a theme/plugin should start with the theme/plugin prefix. Found: &quot;$e_detail&quot;.
includes/admin/views/page-cross-origin.php,420,17,WARNING,WordPress.NamingConventions.PrefixAllGlobals.NonPrefixedVariableFound,Global variables defined by a theme/plugin should start with the theme/plugin prefix. Found: &quot;$meta_fields&quot;.
includes/admin/views/page-cross-origin.php,421,17,WARNING,WordPress.NamingConventions.PrefixAllGlobals.NonPrefixedVariableFound,Global variables defined by a theme/plugin should start with the theme/plugin prefix. Found: &quot;$has_meta&quot;.
includes/admin/views/page-cross-origin.php,426,57,WARNING,WordPress.NamingConventions.PrefixAllGlobals.NonPrefixedVariableFound,Global variables defined by a theme/plugin should start with the theme/plugin prefix. Found: &quot;$meta_label&quot;.
includes/admin/views/page-cross-origin.php,426,72,WARNING,WordPress.NamingConventions.PrefixAllGlobals.NonPrefixedVariableFound,Global variables defined by a theme/plugin should start with the theme/plugin prefix. Found: &quot;$meta_value&quot;.
includes/modules/class-audit-log.php,81,9,WARNING,WordPress.DB.DirectDatabaseQuery.DirectQuery,Use of a direct database call is discouraged.
includes/modules/class-audit-log.php,98,9,WARNING,WordPress.DB.DirectDatabaseQuery.DirectQuery,Use of a direct database call is discouraged.
includes/modules/class-audit-log.php,98,9,WARNING,WordPress.DB.DirectDatabaseQuery.NoCaching,Direct database call without caching detected. Consider using wp_cache_get() / wp_cache_set() or wp_cache_delete().
includes/modules/class-audit-log.php,146,9,WARNING,WordPress.DB.DirectDatabaseQuery.DirectQuery,Use of a direct database call is discouraged.
includes/class-rollback-guard.php,178,9,WARNING,WordPress.DB.DirectDatabaseQuery.DirectQuery,Use of a direct database call is discouraged.
includes/class-rollback-guard.php,203,17,WARNING,PluginCheck.Security.DirectDB.UnescapedDBParameter,Unescaped parameter $snapshot_table used in $wpdb-&gt;get_col()
includes/class-rollback-guard.php,208,13,WARNING,WordPress.DB.DirectDatabaseQuery.DirectQuery,Use of a direct database call is discouraged.
includes/class-rollback-guard.php,208,13,WARNING,WordPress.DB.DirectDatabaseQuery.NoCaching,Direct database call without caching detected. Consider using wp_cache_get() / wp_cache_set() or wp_cache_delete().
includes/class-rollback-guard.php,224,18,WARNING,PluginCheck.Security.DirectDB.UnescapedDBParameter,Unescaped parameter $snapshot_table used in $wpdb-&gt;get_results()\n$snapshot_table assigned unsafely at line 218.
includes/class-rollback-guard.php,264,17,WARNING,PluginCheck.Security.DirectDB.UnescapedDBParameter,Unescaped parameter $snapshot_table used in $wpdb-&gt;get_row()\n$snapshot_table assigned unsafely at line 255.
includes/class-rollback-guard.php,316,17,WARNING,WordPress.DB.DirectDatabaseQuery.DirectQuery,Use of a direct database call is discouraged.
includes/csp/class-scheduler.php,139,20,WARNING,WordPress.DB.DirectDatabaseQuery.DirectQuery,Use of a direct database call is discouraged.
includes/csp/class-scheduler.php,139,20,WARNING,WordPress.DB.DirectDatabaseQuery.NoCaching,Direct database call without caching detected. Consider using wp_cache_get() / wp_cache_set() or wp_cache_delete().
includes/csp/class-scheduler.php,139,21,WARNING,PluginCheck.Security.DirectDB.UnescapedDBParameter,Unescaped parameter $table used in $wpdb-&gt;query()\n$table assigned unsafely at line 138.
includes/csp/class-scheduler.php,169,20,WARNING,WordPress.DB.DirectDatabaseQuery.DirectQuery,Use of a direct database call is discouraged.
includes/csp/class-scheduler.php,169,20,WARNING,WordPress.DB.DirectDatabaseQuery.NoCaching,Direct database call without caching detected. Consider using wp_cache_get() / wp_cache_set() or wp_cache_delete().
includes/csp/class-scheduler.php,169,21,WARNING,PluginCheck.Security.DirectDB.UnescapedDBParameter,Unescaped parameter $table used in $wpdb-&gt;query()\n$table assigned unsafely at line 168.
includes/csp/class-hash-manager.php,497,16,WARNING,WordPress.DB.DirectDatabaseQuery.DirectQuery,Use of a direct database call is discouraged.
includes/csp/class-hash-manager.php,497,16,WARNING,WordPress.DB.DirectDatabaseQuery.NoCaching,Direct database call without caching detected. Consider using wp_cache_get() / wp_cache_set() or wp_cache_delete().
includes/csp/class-hash-manager.php,497,17,WARNING,PluginCheck.Security.DirectDB.UnescapedDBParameter,Unescaped parameter $table used in $wpdb-&gt;get_results()
includes/csp/class-hash-manager.php,517,17,WARNING,WordPress.DB.DirectDatabaseQuery.DirectQuery,Use of a direct database call is discouraged.
includes/csp/class-hash-manager.php,517,17,WARNING,WordPress.DB.DirectDatabaseQuery.NoCaching,Direct database call without caching detected. Consider using wp_cache_get() / wp_cache_set() or wp_cache_delete().
includes/csp/class-hash-manager.php,559,20,WARNING,WordPress.DB.DirectDatabaseQuery.DirectQuery,Use of a direct database call is discouraged.
includes/csp/class-hash-manager.php,559,20,WARNING,WordPress.DB.DirectDatabaseQuery.NoCaching,Direct database call without caching detected. Consider using wp_cache_get() / wp_cache_set() or wp_cache_delete().
includes/csp/class-hash-manager.php,559,21,WARNING,PluginCheck.Security.DirectDB.UnescapedDBParameter,Unescaped parameter $table used in $wpdb-&gt;query()
includes/csp/class-hash-manager.php,592,18,WARNING,WordPress.DB.DirectDatabaseQuery.DirectQuery,Use of a direct database call is discouraged.
includes/csp/class-hash-manager.php,592,18,WARNING,WordPress.DB.DirectDatabaseQuery.NoCaching,Direct database call without caching detected. Consider using wp_cache_get() / wp_cache_set() or wp_cache_delete().
includes/csp/class-hash-manager.php,592,19,WARNING,PluginCheck.Security.DirectDB.UnescapedDBParameter,Unescaped parameter $table used in $wpdb-&gt;get_results()\n$table assigned unsafely at line 591.
includes/csp/class-hash-manager.php,625,21,WARNING,WordPress.DB.DirectDatabaseQuery.DirectQuery,Use of a direct database call is discouraged.
includes/csp/class-hash-manager.php,625,21,WARNING,WordPress.DB.DirectDatabaseQuery.NoCaching,Direct database call without caching detected. Consider using wp_cache_get() / wp_cache_set() or wp_cache_delete().
includes/csp/class-hash-manager.php,625,22,WARNING,PluginCheck.Security.DirectDB.UnescapedDBParameter,Unescaped parameter $table used in $wpdb-&gt;get_var()
includes/csp/class-hash-manager.php,635,13,WARNING,WordPress.DB.DirectDatabaseQuery.DirectQuery,Use of a direct database call is discouraged.
includes/csp/class-hash-manager.php,635,13,WARNING,WordPress.DB.DirectDatabaseQuery.NoCaching,Direct database call without caching detected. Consider using wp_cache_get() / wp_cache_set() or wp_cache_delete().
includes/csp/class-hash-manager.php,655,9,WARNING,WordPress.DB.DirectDatabaseQuery.DirectQuery,Use of a direct database call is discouraged.
includes/csp/class-policy-change-manager.php,103,21,WARNING,WordPress.DB.DirectDatabaseQuery.DirectQuery,Use of a direct database call is discouraged.
includes/csp/class-policy-change-manager.php,103,21,WARNING,WordPress.DB.DirectDatabaseQuery.NoCaching,Direct database call without caching detected. Consider using wp_cache_get() / wp_cache_set() or wp_cache_delete().
includes/csp/class-policy-change-manager.php,103,22,WARNING,PluginCheck.Security.DirectDB.UnescapedDBParameter,Unescaped parameter $table used in $wpdb-&gt;get_row()
includes/csp/class-policy-change-manager.php,115,13,WARNING,WordPress.DB.DirectDatabaseQuery.DirectQuery,Use of a direct database call is discouraged.
includes/csp/class-policy-change-manager.php,115,13,WARNING,WordPress.DB.DirectDatabaseQuery.NoCaching,Direct database call without caching detected. Consider using wp_cache_get() / wp_cache_set() or wp_cache_delete().
includes/csp/class-policy-change-manager.php,151,9,WARNING,WordPress.DB.DirectDatabaseQuery.DirectQuery,Use of a direct database call is discouraged.
includes/csp/class-policy-change-manager.php,221,19,WARNING,WordPress.DB.DirectDatabaseQuery.DirectQuery,Use of a direct database call is discouraged.
includes/csp/class-policy-change-manager.php,221,19,WARNING,WordPress.DB.DirectDatabaseQuery.NoCaching,Direct database call without caching detected. Consider using wp_cache_get() / wp_cache_set() or wp_cache_delete().
includes/csp/class-policy-change-manager.php,221,20,WARNING,PluginCheck.Security.DirectDB.UnescapedDBParameter,Unescaped parameter $table used in $wpdb-&gt;get_row()\n$table assigned unsafely at line 218.
includes/csp/class-policy-change-manager.php,274,19,WARNING,WordPress.DB.DirectDatabaseQuery.DirectQuery,Use of a direct database call is discouraged.
includes/csp/class-policy-change-manager.php,274,19,WARNING,WordPress.DB.DirectDatabaseQuery.NoCaching,Direct database call without caching detected. Consider using wp_cache_get() / wp_cache_set() or wp_cache_delete().
includes/csp/class-policy-change-manager.php,274,20,WARNING,PluginCheck.Security.DirectDB.UnescapedDBParameter,Unescaped parameter $table used in $wpdb-&gt;get_row()\n$table assigned unsafely at line 272.
includes/csp/class-policy-change-manager.php,318,20,WARNING,WordPress.DB.DirectDatabaseQuery.DirectQuery,Use of a direct database call is discouraged.
includes/csp/class-policy-change-manager.php,318,20,WARNING,WordPress.DB.DirectDatabaseQuery.NoCaching,Direct database call without caching detected. Consider using wp_cache_get() / wp_cache_set() or wp_cache_delete().
includes/csp/class-policy-change-manager.php,403,21,WARNING,WordPress.DB.DirectDatabaseQuery.DirectQuery,Use of a direct database call is discouraged.
includes/csp/class-policy-change-manager.php,448,19,WARNING,WordPress.DB.DirectDatabaseQuery.DirectQuery,Use of a direct database call is discouraged.
includes/csp/class-policy-change-manager.php,448,19,WARNING,WordPress.DB.DirectDatabaseQuery.NoCaching,Direct database call without caching detected. Consider using wp_cache_get() / wp_cache_set() or wp_cache_delete().
includes/csp/class-policy-change-manager.php,448,20,WARNING,PluginCheck.Security.DirectDB.UnescapedDBParameter,Unescaped parameter $table used in $wpdb-&gt;get_row()\n$table assigned unsafely at line 447.
includes/csp/class-policy-change-manager.php,529,13,WARNING,WordPress.DB.DirectDatabaseQuery.DirectQuery,Use of a direct database call is discouraged.
includes/csp/class-policy-change-manager.php,557,22,WARNING,WordPress.DB.DirectDatabaseQuery.DirectQuery,Use of a direct database call is discouraged.
includes/csp/class-policy-change-manager.php,557,22,WARNING,WordPress.DB.DirectDatabaseQuery.NoCaching,Direct database call without caching detected. Consider using wp_cache_get() / wp_cache_set() or wp_cache_delete().
includes/csp/class-policy-version-manager.php,41,21,WARNING,WordPress.DB.DirectDatabaseQuery.DirectQuery,Use of a direct database call is discouraged.
includes/csp/class-policy-version-manager.php,65,18,WARNING,WordPress.DB.DirectDatabaseQuery.DirectQuery,Use of a direct database call is discouraged.
includes/csp/class-policy-version-manager.php,65,18,WARNING,WordPress.DB.DirectDatabaseQuery.NoCaching,Direct database call without caching detected. Consider using wp_cache_get() / wp_cache_set() or wp_cache_delete().
includes/csp/class-policy-version-manager.php,65,19,WARNING,PluginCheck.Security.DirectDB.UnescapedDBParameter,Unescaped parameter $table used in $wpdb-&gt;get_row()\n$table assigned unsafely at line 64.
includes/csp/class-policy-version-manager.php,81,18,WARNING,WordPress.DB.DirectDatabaseQuery.DirectQuery,Use of a direct database call is discouraged.
includes/csp/class-policy-version-manager.php,81,18,WARNING,WordPress.DB.DirectDatabaseQuery.NoCaching,Direct database call without caching detected. Consider using wp_cache_get() / wp_cache_set() or wp_cache_delete().
includes/csp/class-policy-version-manager.php,81,19,WARNING,PluginCheck.Security.DirectDB.UnescapedDBParameter,Unescaped parameter $table used in $wpdb-&gt;get_row()\n$table assigned unsafely at line 80.
includes/csp/class-policy-version-manager.php,171,18,WARNING,WordPress.DB.DirectDatabaseQuery.DirectQuery,Use of a direct database call is discouraged.
includes/csp/class-policy-version-manager.php,171,18,WARNING,WordPress.DB.DirectDatabaseQuery.NoCaching,Direct database call without caching detected. Consider using wp_cache_get() / wp_cache_set() or wp_cache_delete().
includes/csp/class-policy-version-manager.php,171,19,WARNING,PluginCheck.Security.DirectDB.UnescapedDBParameter,Unescaped parameter $table used in $wpdb-&gt;get_row()\n$table assigned unsafely at line 170.
includes/csp/class-policy-version-manager.php,187,18,WARNING,WordPress.DB.DirectDatabaseQuery.DirectQuery,Use of a direct database call is discouraged.
includes/csp/class-policy-version-manager.php,187,18,WARNING,WordPress.DB.DirectDatabaseQuery.NoCaching,Direct database call without caching detected. Consider using wp_cache_get() / wp_cache_set() or wp_cache_delete().
includes/csp/class-policy-version-manager.php,187,19,WARNING,PluginCheck.Security.DirectDB.UnescapedDBParameter,Unescaped parameter $table used in $wpdb-&gt;get_results()\n$table assigned unsafely at line 186.
includes/csp/class-policy-version-manager.php,203,18,WARNING,WordPress.DB.DirectDatabaseQuery.DirectQuery,Use of a direct database call is discouraged.
includes/csp/class-policy-version-manager.php,203,18,WARNING,WordPress.DB.DirectDatabaseQuery.NoCaching,Direct database call without caching detected. Consider using wp_cache_get() / wp_cache_set() or wp_cache_delete().
includes/csp/class-policy-version-manager.php,203,19,WARNING,PluginCheck.Security.DirectDB.UnescapedDBParameter,Unescaped parameter $table used in $wpdb-&gt;get_results()\n$table assigned unsafely at line 202.
includes/class-config-portability.php,232,17,WARNING,WordPress.DB.DirectDatabaseQuery.DirectQuery,Use of a direct database call is discouraged.
includes/rest/class-admin-controller.php,155,18,WARNING,WordPress.DB.DirectDatabaseQuery.DirectQuery,Use of a direct database call is discouraged.
includes/rest/class-admin-controller.php,155,18,WARNING,WordPress.DB.DirectDatabaseQuery.NoCaching,Direct database call without caching detected. Consider using wp_cache_get() / wp_cache_set() or wp_cache_delete().
includes/rest/class-admin-controller.php,155,19,WARNING,PluginCheck.Security.DirectDB.UnescapedDBParameter,Unescaped parameter $table used in $wpdb-&gt;get_results()\n$table assigned unsafely at line 154.
includes/rest/class-admin-controller.php,217,18,WARNING,PluginCheck.Security.DirectDB.UnescapedDBParameter,Unescaped parameter $sql used in $wpdb-&gt;get_results()\n$sql assigned unsafely at line 214.
includes/rest/class-admin-controller.php,225,21,WARNING,WordPress.DB.DirectDatabaseQuery.DirectQuery,Use of a direct database call is discouraged.
includes/rest/class-admin-controller.php,225,21,WARNING,WordPress.DB.DirectDatabaseQuery.NoCaching,Direct database call without caching detected. Consider using wp_cache_get() / wp_cache_set() or wp_cache_delete().
includes/rest/class-admin-controller.php,225,22,WARNING,PluginCheck.Security.DirectDB.UnescapedDBParameter,Unescaped parameter $table used in $wpdb-&gt;get_row()\n$table assigned unsafely at line 224.
includes/rest/class-admin-controller.php,239,23,WARNING,WordPress.DB.DirectDatabaseQuery.DirectQuery,Use of a direct database call is discouraged.
includes/rest/class-admin-controller.php,239,23,WARNING,WordPress.DB.DirectDatabaseQuery.NoCaching,Direct database call without caching detected. Consider using wp_cache_get() / wp_cache_set() or wp_cache_delete().
includes/rest/class-admin-controller.php,239,24,WARNING,PluginCheck.Security.DirectDB.UnescapedDBParameter,Unescaped parameter $rule_table used in $wpdb-&gt;get_results()\n$rule_table assigned unsafely at line 238.
includes/rest/class-admin-controller.php,260,19,WARNING,PluginCheck.Security.DirectDB.UnescapedDBParameter,Unescaped parameter $table used in $wpdb-&gt;get_results()\n$table assigned unsafely at line 259.
includes/rest/class-admin-controller.php,285,22,WARNING,WordPress.DB.DirectDatabaseQuery.DirectQuery,Use of a direct database call is discouraged.
includes/rest/class-admin-controller.php,285,22,WARNING,WordPress.DB.DirectDatabaseQuery.NoCaching,Direct database call without caching detected. Consider using wp_cache_get() / wp_cache_set() or wp_cache_delete().
includes/rest/class-admin-controller.php,285,23,WARNING,PluginCheck.Security.DirectDB.UnescapedDBParameter,Unescaped parameter $condition used in $wpdb-&gt;get_var()\n$condition used without escaping.
includes/admin/class-policy-events-builder.php,191,17,WARNING,WordPress.DB.DirectDatabaseQuery.NoCaching,Direct database call without caching detected. Consider using wp_cache_get() / wp_cache_set() or wp_cache_delete().
includes/admin/class-policy-events-builder.php,191,18,WARNING,PluginCheck.Security.DirectDB.UnescapedDBParameter,Unescaped parameter $sql used in $wpdb-&gt;get_results()\n$sql assigned unsafely at line 188.
includes/admin/class-policy-events-builder.php,229,17,WARNING,WordPress.DB.DirectDatabaseQuery.NoCaching,Direct database call without caching detected. Consider using wp_cache_get() / wp_cache_set() or wp_cache_delete().
includes/admin/class-policy-events-builder.php,290,17,WARNING,WordPress.DB.DirectDatabaseQuery.NoCaching,Direct database call without caching detected. Consider using wp_cache_get() / wp_cache_set() or wp_cache_delete().
includes/admin/class-policy-events-builder.php,290,18,WARNING,PluginCheck.Security.DirectDB.UnescapedDBParameter,Unescaped parameter $sql used in $wpdb-&gt;get_results()\n$sql assigned unsafely at line 287.
includes/admin/views/page-permissions-policy.php,15,1,WARNING,WordPress.NamingConventions.PrefixAllGlobals.NonPrefixedVariableFound,Global variables defined by a theme/plugin should start with the theme/plugin prefix. Found: &quot;$surfaces&quot;.
includes/admin/views/page-permissions-policy.php,16,1,WARNING,WordPress.NamingConventions.PrefixAllGlobals.NonPrefixedVariableFound,Global variables defined by a theme/plugin should start with the theme/plugin prefix. Found: &quot;$directives&quot;.
includes/admin/views/page-permissions-policy.php,18,1,WARNING,WordPress.NamingConventions.PrefixAllGlobals.NonPrefixedVariableFound,Global variables defined by a theme/plugin should start with the theme/plugin prefix. Found: &quot;$profiles_raw&quot;.
includes/admin/views/page-permissions-policy.php,18,17,WARNING,WordPress.DB.DirectDatabaseQuery.DirectQuery,Use of a direct database call is discouraged.
includes/admin/views/page-permissions-policy.php,18,17,WARNING,WordPress.DB.DirectDatabaseQuery.NoCaching,Direct database call without caching detected. Consider using wp_cache_get() / wp_cache_set() or wp_cache_delete().
includes/admin/views/page-permissions-policy.php,27,1,WARNING,WordPress.NamingConventions.PrefixAllGlobals.NonPrefixedVariableFound,Global variables defined by a theme/plugin should start with the theme/plugin prefix. Found: &quot;$state_by_surface&quot;.
includes/admin/views/page-permissions-policy.php,28,65,WARNING,WordPress.NamingConventions.PrefixAllGlobals.NonPrefixedVariableFound,Global variables defined by a theme/plugin should start with the theme/plugin prefix. Found: &quot;$row&quot;.
includes/admin/views/page-permissions-policy.php,29,5,WARNING,WordPress.NamingConventions.PrefixAllGlobals.NonPrefixedVariableFound,Global variables defined by a theme/plugin should start with the theme/plugin prefix. Found: &quot;$state_by_surface&quot;.
includes/admin/views/page-permissions-policy.php,35,1,WARNING,WordPress.NamingConventions.PrefixAllGlobals.NonPrefixedVariableFound,Global variables defined by a theme/plugin should start with the theme/plugin prefix. Found: &quot;$token_labels&quot;.
includes/admin/views/page-permissions-policy.php,54,48,WARNING,WordPress.NamingConventions.PrefixAllGlobals.NonPrefixedVariableFound,Global variables defined by a theme/plugin should start with the theme/plugin prefix. Found: &quot;$directive&quot;.
includes/admin/views/page-permissions-policy.php,60,42,WARNING,WordPress.NamingConventions.PrefixAllGlobals.NonPrefixedVariableFound,Global variables defined by a theme/plugin should start with the theme/plugin prefix. Found: &quot;$surface&quot;.
includes/admin/views/page-permissions-policy.php,62,17,WARNING,WordPress.NamingConventions.PrefixAllGlobals.NonPrefixedVariableFound,Global variables defined by a theme/plugin should start with the theme/plugin prefix. Found: &quot;$current&quot;.
includes/admin/views/page-permissions-policy.php,77,52,WARNING,WordPress.NamingConventions.PrefixAllGlobals.NonPrefixedVariableFound,Global variables defined by a theme/plugin should start with the theme/plugin prefix. Found: &quot;$directive&quot;.
includes/admin/views/page-permissions-policy.php,78,31,WARNING,WordPress.NamingConventions.PrefixAllGlobals.NonPrefixedVariableFound,Global variables defined by a theme/plugin should start with the theme/plugin prefix. Found: &quot;$current_token&quot;.
includes/admin/views/page-permissions-policy.php,85,66,WARNING,WordPress.NamingConventions.PrefixAllGlobals.NonPrefixedVariableFound,Global variables defined by a theme/plugin should start with the theme/plugin prefix. Found: &quot;$token&quot;.
includes/admin/views/page-permissions-policy.php,85,76,WARNING,WordPress.NamingConventions.PrefixAllGlobals.NonPrefixedVariableFound,Global variables defined by a theme/plugin should start with the theme/plugin prefix. Found: &quot;$label&quot;.
includes/admin/views/partials/scripts-internal.php,23,1,WARNING,WordPress.NamingConventions.PrefixAllGlobals.NonPrefixedVariableFound,Global variables defined by a theme/plugin should start with the theme/plugin prefix. Found: &quot;$int_profiles_raw&quot;.
includes/admin/views/partials/scripts-internal.php,23,21,WARNING,WordPress.DB.DirectDatabaseQuery.DirectQuery,Use of a direct database call is discouraged.
includes/admin/views/partials/scripts-internal.php,23,21,WARNING,WordPress.DB.DirectDatabaseQuery.NoCaching,Direct database call without caching detected. Consider using wp_cache_get() / wp_cache_set() or wp_cache_delete().
includes/admin/views/partials/scripts-internal.php,32,1,WARNING,WordPress.NamingConventions.PrefixAllGlobals.NonPrefixedVariableFound,Global variables defined by a theme/plugin should start with the theme/plugin prefix. Found: &quot;$int_enabled_by_surface&quot;.
includes/admin/views/partials/scripts-internal.php,33,73,WARNING,WordPress.NamingConventions.PrefixAllGlobals.NonPrefixedVariableFound,Global variables defined by a theme/plugin should start with the theme/plugin prefix. Found: &quot;$row&quot;.
includes/admin/views/partials/scripts-internal.php,34,5,WARNING,WordPress.NamingConventions.PrefixAllGlobals.NonPrefixedVariableFound,Global variables defined by a theme/plugin should start with the theme/plugin prefix. Found: &quot;$int_enabled_by_surface&quot;.
includes/admin/views/partials/scripts-internal.php,39,1,WARNING,WordPress.NamingConventions.PrefixAllGlobals.NonPrefixedVariableFound,Global variables defined by a theme/plugin should start with the theme/plugin prefix. Found: &quot;$int_table&quot;.
includes/admin/views/partials/scripts-internal.php,41,1,WARNING,WordPress.NamingConventions.PrefixAllGlobals.NonPrefixedVariableFound,Global variables defined by a theme/plugin should start with the theme/plugin prefix. Found: &quot;$int_inventory_raw&quot;.
includes/admin/views/partials/scripts-internal.php,41,29,WARNING,PluginCheck.Security.DirectDB.UnescapedDBParameter,Unescaped parameter $int_table used in $wpdb-&gt;get_results()\n$int_table assigned unsafely at line 39.
includes/admin/views/partials/scripts-internal.php,42,1,WARNING,WordPress.NamingConventions.PrefixAllGlobals.NonPrefixedVariableFound,Global variables defined by a theme/plugin should start with the theme/plugin prefix. Found: &quot;$int_inventory&quot;.
includes/admin/views/partials/scripts-internal.php,52,38,WARNING,WordPress.NamingConventions.PrefixAllGlobals.NonPrefixedVariableFound,Global variables defined by a theme/plugin should start with the theme/plugin prefix. Found: &quot;$surface&quot;.
includes/admin/views/partials/scripts-internal.php,87,43,WARNING,WordPress.NamingConventions.PrefixAllGlobals.NonPrefixedVariableFound,Global variables defined by a theme/plugin should start with the theme/plugin prefix. Found: &quot;$item&quot;.
includes/admin/views/page-hsts.php,20,1,WARNING,WordPress.NamingConventions.PrefixAllGlobals.NonPrefixedVariableFound,Global variables defined by a theme/plugin should start with the theme/plugin prefix. Found: &quot;$surfaces&quot;.
includes/admin/views/page-hsts.php,22,1,WARNING,WordPress.NamingConventions.PrefixAllGlobals.NonPrefixedVariableFound,Global variables defined by a theme/plugin should start with the theme/plugin prefix. Found: &quot;$profiles_raw&quot;.
includes/admin/views/page-hsts.php,22,17,WARNING,WordPress.DB.DirectDatabaseQuery.DirectQuery,Use of a direct database call is discouraged.
includes/admin/views/page-hsts.php,22,17,WARNING,WordPress.DB.DirectDatabaseQuery.NoCaching,Direct database call without caching detected. Consider using wp_cache_get() / wp_cache_set() or wp_cache_delete().
includes/admin/views/page-hsts.php,31,1,WARNING,WordPress.NamingConventions.PrefixAllGlobals.NonPrefixedVariableFound,Global variables defined by a theme/plugin should start with the theme/plugin prefix. Found: &quot;$state_by_surface&quot;.
includes/admin/views/page-hsts.php,32,65,WARNING,WordPress.NamingConventions.PrefixAllGlobals.NonPrefixedVariableFound,Global variables defined by a theme/plugin should start with the theme/plugin prefix. Found: &quot;$row&quot;.
includes/admin/views/page-hsts.php,33,5,WARNING,WordPress.NamingConventions.PrefixAllGlobals.NonPrefixedVariableFound,Global variables defined by a theme/plugin should start with the theme/plugin prefix. Found: &quot;$state_by_surface&quot;.
includes/admin/views/page-hsts.php,39,1,WARNING,WordPress.NamingConventions.PrefixAllGlobals.NonPrefixedVariableFound,Global variables defined by a theme/plugin should start with the theme/plugin prefix. Found: &quot;$max_age_options&quot;.
includes/admin/views/page-hsts.php,76,42,WARNING,WordPress.NamingConventions.PrefixAllGlobals.NonPrefixedVariableFound,Global variables defined by a theme/plugin should start with the theme/plugin prefix. Found: &quot;$surface&quot;.
includes/admin/views/page-hsts.php,78,17,WARNING,WordPress.NamingConventions.PrefixAllGlobals.NonPrefixedVariableFound,Global variables defined by a theme/plugin should start with the theme/plugin prefix. Found: &quot;$current&quot;.
includes/admin/views/page-hsts.php,84,17,WARNING,WordPress.NamingConventions.PrefixAllGlobals.NonPrefixedVariableFound,Global variables defined by a theme/plugin should start with the theme/plugin prefix. Found: &quot;$preload_eligible&quot;.
includes/admin/views/page-hsts.php,101,65,WARNING,WordPress.NamingConventions.PrefixAllGlobals.NonPrefixedVariableFound,Global variables defined by a theme/plugin should start with the theme/plugin prefix. Found: &quot;$seconds&quot;.
includes/admin/views/page-hsts.php,101,77,WARNING,WordPress.NamingConventions.PrefixAllGlobals.NonPrefixedVariableFound,Global variables defined by a theme/plugin should start with the theme/plugin prefix. Found: &quot;$label&quot;.
includes/admin/views/page-reverse-tabnabbing.php,20,1,WARNING,WordPress.NamingConventions.PrefixAllGlobals.NonPrefixedVariableFound,Global variables defined by a theme/plugin should start with the theme/plugin prefix. Found: &quot;$surfaces&quot;.
includes/admin/views/page-reverse-tabnabbing.php,22,1,WARNING,WordPress.NamingConventions.PrefixAllGlobals.NonPrefixedVariableFound,Global variables defined by a theme/plugin should start with the theme/plugin prefix. Found: &quot;$profiles_raw&quot;.
includes/admin/views/page-reverse-tabnabbing.php,22,17,WARNING,WordPress.DB.DirectDatabaseQuery.DirectQuery,Use of a direct database call is discouraged.
includes/admin/views/page-reverse-tabnabbing.php,22,17,WARNING,WordPress.DB.DirectDatabaseQuery.NoCaching,Direct database call without caching detected. Consider using wp_cache_get() / wp_cache_set() or wp_cache_delete().
includes/admin/views/page-reverse-tabnabbing.php,31,1,WARNING,WordPress.NamingConventions.PrefixAllGlobals.NonPrefixedVariableFound,Global variables defined by a theme/plugin should start with the theme/plugin prefix. Found: &quot;$enabled_by_surface&quot;.
includes/admin/views/page-reverse-tabnabbing.php,32,65,WARNING,WordPress.NamingConventions.PrefixAllGlobals.NonPrefixedVariableFound,Global variables defined by a theme/plugin should start with the theme/plugin prefix. Found: &quot;$row&quot;.
includes/admin/views/page-reverse-tabnabbing.php,33,5,WARNING,WordPress.NamingConventions.PrefixAllGlobals.NonPrefixedVariableFound,Global variables defined by a theme/plugin should start with the theme/plugin prefix. Found: &quot;$enabled_by_surface&quot;.
includes/admin/views/page-reverse-tabnabbing.php,51,42,WARNING,WordPress.NamingConventions.PrefixAllGlobals.NonPrefixedVariableFound,Global variables defined by a theme/plugin should start with the theme/plugin prefix. Found: &quot;$surface&quot;.
includes/admin/views/page-pillar-simple.php,26,1,WARNING,WordPress.NamingConventions.PrefixAllGlobals.NonPrefixedVariableFound,Global variables defined by a theme/plugin should start with the theme/plugin prefix. Found: &quot;$surfaces&quot;.
includes/admin/views/page-pillar-simple.php,28,1,WARNING,WordPress.NamingConventions.PrefixAllGlobals.NonPrefixedVariableFound,Global variables defined by a theme/plugin should start with the theme/plugin prefix. Found: &quot;$profiles_raw&quot;.
includes/admin/views/page-pillar-simple.php,28,17,WARNING,WordPress.DB.DirectDatabaseQuery.DirectQuery,Use of a direct database call is discouraged.
includes/admin/views/page-pillar-simple.php,28,17,WARNING,WordPress.DB.DirectDatabaseQuery.NoCaching,Direct database call without caching detected. Consider using wp_cache_get() / wp_cache_set() or wp_cache_delete().
includes/admin/views/page-pillar-simple.php,37,1,WARNING,WordPress.NamingConventions.PrefixAllGlobals.NonPrefixedVariableFound,Global variables defined by a theme/plugin should start with the theme/plugin prefix. Found: &quot;$profiles_by_surface&quot;.
includes/admin/views/page-pillar-simple.php,38,65,WARNING,WordPress.NamingConventions.PrefixAllGlobals.NonPrefixedVariableFound,Global variables defined by a theme/plugin should start with the theme/plugin prefix. Found: &quot;$row&quot;.
includes/admin/views/page-pillar-simple.php,39,5,WARNING,WordPress.NamingConventions.PrefixAllGlobals.NonPrefixedVariableFound,Global variables defined by a theme/plugin should start with the theme/plugin prefix. Found: &quot;$payload&quot;.
includes/admin/views/page-pillar-simple.php,40,5,WARNING,WordPress.NamingConventions.PrefixAllGlobals.NonPrefixedVariableFound,Global variables defined by a theme/plugin should start with the theme/plugin prefix. Found: &quot;$profiles_by_surface&quot;.
includes/admin/views/page-pillar-simple.php,68,42,WARNING,WordPress.NamingConventions.PrefixAllGlobals.NonPrefixedVariableFound,Global variables defined by a theme/plugin should start with the theme/plugin prefix. Found: &quot;$surface&quot;.
includes/admin/views/page-pillar-simple.php,70,17,WARNING,WordPress.NamingConventions.PrefixAllGlobals.NonPrefixedVariableFound,Global variables defined by a theme/plugin should start with the theme/plugin prefix. Found: &quot;$current&quot;.
includes/admin/views/page-pillar-simple.php,93,67,WARNING,WordPress.NamingConventions.PrefixAllGlobals.NonPrefixedVariableFound,Global variables defined by a theme/plugin should start with the theme/plugin prefix. Found: &quot;$value&quot;.
includes/admin/views/page-pillar-simple.php,93,77,WARNING,WordPress.NamingConventions.PrefixAllGlobals.NonPrefixedVariableFound,Global variables defined by a theme/plugin should start with the theme/plugin prefix. Found: &quot;$label&quot;.
includes/admin/class-data-resetter.php,38,22,WARNING,PluginCheck.Security.DirectDB.UnescapedDBParameter,Unescaped parameter $table used in $wpdb-&gt;query()\n$table assigned unsafely at line 30.
includes/admin/class-data-resetter.php,84,13,WARNING,WordPress.DB.DirectDatabaseQuery.DirectQuery,Use of a direct database call is discouraged.
includes/admin/class-data-resetter.php,84,13,WARNING,WordPress.DB.DirectDatabaseQuery.NoCaching,Direct database call without caching detected. Consider using wp_cache_get() / wp_cache_set() or wp_cache_delete().
uninstall.php,27,1,WARNING,WordPress.NamingConventions.PrefixAllGlobals.NonPrefixedVariableFound,Global variables defined by a theme/plugin should start with the theme/plugin prefix. Found: &quot;$tables&quot;.
uninstall.php,49,1,WARNING,WordPress.NamingConventions.PrefixAllGlobals.NonPrefixedVariableFound,Global variables defined by a theme/plugin should start with the theme/plugin prefix. Found: &quot;$tables&quot;.
uninstall.php,51,22,WARNING,WordPress.NamingConventions.PrefixAllGlobals.NonPrefixedVariableFound,Global variables defined by a theme/plugin should start with the theme/plugin prefix. Found: &quot;$table&quot;.
uninstall.php,53,9,WARNING,PluginCheck.Security.DirectDB.UnescapedDBParameter,Unescaped parameter $table used in $wpdb-&gt;query()
uninstall.php,57,1,WARNING,WordPress.NamingConventions.PrefixAllGlobals.NonPrefixedVariableFound,Global variables defined by a theme/plugin should start with the theme/plugin prefix. Found: &quot;$options&quot;.
uninstall.php,80,1,WARNING,WordPress.NamingConventions.PrefixAllGlobals.NonPrefixedVariableFound,Global variables defined by a theme/plugin should start with the theme/plugin prefix. Found: &quot;$options&quot;.
uninstall.php,82,23,WARNING,WordPress.NamingConventions.PrefixAllGlobals.NonPrefixedVariableFound,Global variables defined by a theme/plugin should start with the theme/plugin prefix. Found: &quot;$option&quot;.
includes/security/class-dependency-governance-builder.php,63,17,WARNING,PluginCheck.Security.DirectDB.UnescapedDBParameter,Unescaped parameter $table used in $wpdb-&gt;get_row()\n$table assigned unsafely at line 61.
includes/security/class-dependency-governance-builder.php,332,18,WARNING,PluginCheck.Security.DirectDB.UnescapedDBParameter,Unescaped parameter $table used in $wpdb-&gt;get_results()\n$table assigned unsafely at line 330.
includes/security/class-internal-script-integrity-builder.php,95,21,WARNING,PluginCheck.Security.DirectDB.UnescapedDBParameter,Unescaped parameter $table used in $wpdb-&gt;get_var()\n$table assigned unsafely at line 93.
includes/security/class-internal-script-integrity-builder.php,179,17,WARNING,PluginCheck.Security.DirectDB.UnescapedDBParameter,Unescaped parameter $table used in $wpdb-&gt;get_row()\n$table assigned unsafely at line 177.
includes/security/class-reverse-tabnabbing-builder.php,32,21,WARNING,PluginCheck.Security.DirectDB.UnescapedDBParameter,Unescaped parameter $table used in $wpdb-&gt;get_var()\n$table assigned unsafely at line 30.
includes/security/class-dependency-integrity-monitor.php,167,18,WARNING,PluginCheck.Security.DirectDB.UnescapedDBParameter,Unescaped parameter $table used in $wpdb-&gt;get_results()\n$table assigned unsafely at line 165.
includes/security/class-pillar-header-builder.php,27,17,WARNING,PluginCheck.Security.DirectDB.UnescapedDBParameter,Unescaped parameter $table used in $wpdb-&gt;get_row()\n$table assigned unsafely at line 25.
includes/security/class-pillar-violation-store.php,75,10,WARNING,PluginCheck.Security.DirectDB.UnescapedDBParameter,Unescaped parameter $table used in $wpdb-&gt;query()\n$table assigned unsafely at line 45.
includes/certificates/class-certificate-store.php,224,17,WARNING,PluginCheck.Security.DirectDB.UnescapedDBParameter,Unescaped parameter $sql used in $wpdb-&gt;get_row()\n$sql assigned unsafely at line 221.
includes/admin/class-readiness-checker.php,70,27,WARNING,PluginCheck.Security.DirectDB.UnescapedDBParameter,Unescaped parameter $table used in $wpdb-&gt;get_var()\n$table assigned unsafely at line 64.
includes/admin/class-readiness-checker.php,149,23,WARNING,PluginCheck.Security.DirectDB.UnescapedDBParameter,Unescaped parameter $table used in $wpdb-&gt;get_var()\n$table assigned unsafely at line 142.
